"Date","Maximum Temperature degrees (F)","Minimum Temperature degrees (F)","Precipitation (inches)","Snow (inches)","Snow Depth (inches)"
"2020-01-01","36.0","13.0","0.00","0.00","5.00"
"2020-01-02","37.0","31.0","0.00","0.00","5.00"
"2020-01-03","36.0","24.0","T","T","4.00"
"2020-01-04","30.0","24.0","0.00","0.00","4.00"
"2020-01-05","38.0","24.0","0.01","T","4.00"
"2020-01-06","36.0","22.0","0.00","0.00","3.00"
"2020-01-07","32.0","5.0","0.00","0.00","3.00"
"2020-01-08","17.0","1.0","0.00","0.00","3.00"
"2020-01-09","36.0","17.0","0.00","0.00","3.00"
"2020-01-10","24.0","8.0","T","T","3.00"
"2020-01-11","16.0","-1.0","0.00","0.00","3.00"
"2020-01-12","20.0","9.0","0.11","0.80","3.00"
"2020-01-13","28.0","15.0","0.10","1.00","4.00"
"2020-01-14","32.0","17.0","0.01","0.00","5.00"
"2020-01-15","24.0","-2.0","0.01","T","5.00"
"2020-01-16","6.0","-9.0","0.00","0.00","5.00"
"2020-01-17","25.0","-1.0","0.35","4.70","5.00"
"2020-01-18","26.0","0.0","0.06","0.20","9.00"
"2020-01-19","12.0","0.0","0.01","0.50","8.00"
"2020-01-20","18.0","2.0","0.03","0.40","8.00"
"2020-01-21","20.0","-2.0","0.00","0.00","8.00"
"2020-01-22","37.0","19.0","0.17","0.60","8.00"
"2020-01-23","33.0","30.0","0.06","1.00","8.00"
"2020-01-24","32.0","29.0","T","T","8.00"
"2020-01-25","33.0","27.0","T","T","7.00"
"2020-01-26","30.0","25.0","0.00","0.00","7.00"
"2020-01-27","27.0","21.0","T","0.00","7.00"
"2020-01-28","22.0","18.0","T","T","7.00"
"2020-01-29","22.0","18.0","T","T","7.00"
"2020-01-30","27.0","18.0","T","T","7.00"
"2020-01-31","34.0","27.0","0.05","0.60","7.00"
"2020-02-01","38.0","27.0","0.00","0.00","7.00"
"2020-02-02","46.0","31.0","0.00","0.00","6.00"
"2020-02-03","32.0","20.0","0.00","0.00","5.00"
"2020-02-04","24.0","10.0","0.00","0.00","5.00"
"2020-02-05","30.0","11.0","0.00","0.00","5.00"
"2020-02-06","32.0","11.0","0.00","T","5.00"
"2020-02-07","30.0","13.0","0.03","0.50","5.00"
"2020-02-08","20.0","-3.0","0.00","0.00","5.00"
"2020-02-09","27.0","9.0","0.38","4.80","6.00"
"2020-02-10","30.0","7.0","0.01","0.20","10.00"
"2020-02-11","30.0","21.0","T","T","10.00"
"2020-02-12","35.0","0.0","T","T","10.00"
"2020-02-13","1.0","-11.0","0.00","0.00","9.00"
"2020-02-14","15.0","-12.0","0.00","0.00","9.00"
"2020-02-15","36.0","15.0","0.00","0.00","8.00"
"2020-02-16","24.0","14.0","0.00","0.00","8.00"
"2020-02-17","35.0","22.0","0.16","2.00","8.00"
"2020-02-18","26.0","5.0","0.00","0.00","9.00"
"2020-02-19","14.0","0.0","0.00","0.00","9.00"
"2020-02-20","14.0","-6.0","0.00","0.00","9.00"
"2020-02-21","37.0","12.0","0.00","0.00","8.00"
"2020-02-22","42.0","18.0","0.00","0.00","8.00"
"2020-02-23","44.0","27.0","0.00","0.00","7.00"
"2020-02-24","42.0","23.0","0.00","0.00","5.00"
"2020-02-25","38.0","28.0","0.00","0.00","4.00"
"2020-02-26","31.0","19.0","T","T","4.00"
"2020-02-27","25.0","15.0","0.00","0.00","4.00"
"2020-02-28","28.0","17.0","0.00","0.00","4.00"
"2020-02-29","39.0","16.0","0.00","0.00","4.00"
"2020-03-01","50.0","32.0","T","T","4.00"
"2020-03-02","36.0","30.0","0.00","0.00","3.00"
"2020-03-03","43.0","30.0","T","T","1.00"
"2020-03-04","42.0","24.0","T","0.00","T"
"2020-03-05","44.0","30.0","T","T","T"
"2020-03-06","39.0","23.0","0.00","0.00","T"
"2020-03-07","53.0","32.0","0.00","0.00","T"
"2020-03-08","61.0","44.0","0.00","0.00","T"
"2020-03-09","48.0","30.0","0.00","0.00","0.00"
"2020-03-10","42.0","23.0","0.04","0.30","0.00"
"2020-03-11","43.0","34.0","0.00","0.00","T"
"2020-03-12","43.0","31.0","0.09","T","0.00"
"2020-03-13","39.0","26.0","0.00","0.00","0.00"
"2020-03-14","35.0","23.0","0.00","0.00","0.00"
"2020-03-15","40.0","21.0","0.00","0.00","0.00"
"2020-03-16","39.0","27.0","0.01","T","0.00"
"2020-03-17","44.0","28.0","T","0.00","0.00"
"2020-03-18","45.0","37.0","T","0.00","0.00"
"2020-03-19","40.0","32.0","0.48","0.00","0.00"
"2020-03-20","34.0","20.0","T","T","0.00"
"2020-03-21","36.0","20.0","T","T","0.00"
"2020-03-22","43.0","30.0","0.04","0.20","T"
"2020-03-23","44.0","32.0","0.12","0.80","1.00"
"2020-03-24","50.0","37.0","0.00","0.00","0.00"
"2020-03-25","47.0","37.0","0.31","0.00","0.00"
"2020-03-26","51.0","29.0","0.00","0.00","0.00"
"2020-03-27","60.0","37.0","0.03","0.00","0.00"
"2020-03-28","48.0","38.0","1.07","0.00","0.00"
"2020-03-29","49.0","33.0","0.22","T","T"
"2020-03-30","60.0","30.0","0.00","0.00","0.00"
"2020-03-31","54.0","34.0","0.00","0.00","0.00"
"2020-04-01","55.0","34.0","0.00","0.00","0.00"
"2020-04-02","61.0","40.0","0.07","0.00","0.00"
"2020-04-03","40.0","25.0","0.08","T","0.00"
"2020-04-04","45.0","19.0","0.00","0.00","0.00"
"2020-04-05","56.0","29.0","0.00","0.00","0.00"
"2020-04-06","60.0","43.0","0.00","0.00","0.00"
"2020-04-07","70.0","49.0","0.03","0.00","0.00"
"2020-04-08","56.0","36.0","T","0.00","0.00"
"2020-04-09","42.0","30.0","0.03","T","0.00"
"2020-04-10","49.0","27.0","0.00","0.00","0.00"
"2020-04-11","61.0","34.0","0.00","0.00","0.00"
"2020-04-12","44.0","29.0","0.60","6.60","T"
"2020-04-13","37.0","23.0","0.01","0.20","5.00"
"2020-04-14","30.0","21.0","0.04","0.50","2.00"
"2020-04-15","35.0","19.0","0.00","0.00","T"
"2020-04-16","48.0","24.0","0.00","0.00","T"
"2020-04-17","49.0","29.0","0.00","0.00","0.00"
"2020-04-18","67.0","39.0","0.00","0.00","0.00"
"2020-04-19","50.0","36.0","0.00","0.00","0.00"
"2020-04-20","60.0","36.0","T","0.00","0.00"
"2020-04-21","50.0","29.0","T","0.00","0.00"
"2020-04-22","67.0","43.0","T","0.00","0.00"
"2020-04-23","59.0","37.0","T","0.00","0.00"
"2020-04-24","66.0","43.0","T","0.00","0.00"
"2020-04-25","71.0","42.0","0.00","0.00","0.00"
"2020-04-26","68.0","45.0","0.07","0.00","0.00"
"2020-04-27","74.0","52.0","0.04","0.00","0.00"
"2020-04-28","62.0","46.0","0.83","0.00","0.00"
"2020-04-29","62.0","42.0","0.00","0.00","0.00"
"2020-04-30","68.0","44.0","0.00","0.00","0.00"
"2020-05-01","78.0","53.0","T","0.00","0.00"
"2020-05-02","75.0","54.0","0.00","0.00","0.00"
"2020-05-03","67.0","46.0","0.00","0.00","0.00"
"2020-05-04","60.0","40.0","0.00","0.00","0.00"
"2020-05-05","59.0","47.0","0.00","0.00","0.00"
"2020-05-06","66.0","48.0","0.00","0.00","0.00"
"2020-05-07","60.0","44.0","0.00","0.00","0.00"
"2020-05-08","49.0","35.0","0.00","0.00","0.00"
"2020-05-09","60.0","34.0","0.15","0.00","0.00"
"2020-05-10","48.0","38.0","T","0.00","0.00"
"2020-05-11","55.0","39.0","0.00","0.00","0.00"
"2020-05-12","58.0","34.0","0.00","0.00","0.00"
"2020-05-13","63.0","48.0","0.04","0.00","0.00"
"2020-05-14","73.0","52.0","0.04","0.00","0.00"
"2020-05-15","71.0","45.0","0.00","0.00","0.00"
"2020-05-16","63.0","52.0","0.46","0.00","0.00"
"2020-05-17","53.0","49.0","2.47","0.00","0.00"
"2020-05-18","66.0","50.0","T","0.00","0.00"
"2020-05-19","71.0","54.0","0.00","0.00","0.00"
"2020-05-20","77.0","59.0","0.00","0.00","0.00"
"2020-05-21","66.0","57.0","0.00","0.00","0.00"
"2020-05-22","66.0","58.0","0.00","0.00","0.00"
"2020-05-23","71.0","60.0","0.24","0.00","0.00"
"2020-05-24","78.0","58.0","T","0.00","0.00"
"2020-05-25","78.0","65.0","0.16","0.00","0.00"
"2020-05-26","81.0","66.0","0.87","0.00","0.00"
"2020-05-27","78.0","63.0","0.42","0.00","0.00"
"2020-05-28","79.0","60.0","0.00","0.00","0.00"
"2020-05-29","66.0","54.0","0.00","0.00","0.00"
"2020-05-30","68.0","49.0","0.00","0.00","0.00"
"2020-05-31","77.0","47.0","0.00","0.00","0.00"
"2020-06-01","91.0","63.0","0.00","0.00","0.00"
"2020-06-02","90.0","65.0","0.26","0.00","0.00"
"2020-06-03","83.0","63.0","0.00","0.00","0.00"
"2020-06-04","86.0","62.0","0.04","0.00","0.00"
"2020-06-05","81.0","60.0","0.32","0.00","0.00"
"2020-06-06","77.0","60.0","0.88","0.00","0.00"
"2020-06-07","85.0","62.0","0.00","0.00","0.00"
"2020-06-08","96.0","74.0","0.00","0.00","0.00"
"2020-06-09","83.0","68.0","0.16","0.00","0.00"
"2020-06-10","72.0","59.0","0.00","0.00","0.00"
"2020-06-11","79.0","57.0","0.00","0.00","0.00"
"2020-06-12","76.0","58.0","0.00","0.00","0.00"
"2020-06-13","71.0","53.0","0.00","0.00","0.00"
"2020-06-14","78.0","55.0","0.00","0.00","0.00"
"2020-06-15","88.0","62.0","0.00","0.00","0.00"
"2020-06-16","91.0","67.0","0.00","0.00","0.00"
"2020-06-17","90.0","65.0","0.00","0.00","0.00"
"2020-06-18","86.0","68.0","1.37","0.00","0.00"
"2020-06-19","77.0","63.0","0.04","0.00","0.00"
"2020-06-20","75.0","63.0","0.01","0.00","0.00"
"2020-06-21","84.0","62.0","0.33","0.00","0.00"
"2020-06-22","76.0","61.0","0.00","0.00","0.00"
"2020-06-23","77.0","59.0","T","0.00","0.00"
"2020-06-24","80.0","58.0","0.03","0.00","0.00"
"2020-06-25","85.0","59.0","0.00","0.00","0.00"
"2020-06-26","87.0","69.0","T","0.00","0.00"
"2020-06-27","86.0","65.0","0.00","0.00","0.00"
"2020-06-28","86.0","67.0","0.89","0.00","0.00"
"2020-06-29","82.0","66.0","2.37","0.00","0.00"
"2020-06-30","88.0","70.0","0.02","0.00","0.00"
"2020-07-01","88.0","73.0","0.00","0.00","0.00"
"2020-07-02","89.0","74.0","0.00","0.00","0.00"
"2020-07-03","90.0","69.0","0.00","0.00","0.00"
"2020-07-04","90.0","71.0","0.00","0.00","0.00"
"2020-07-05","92.0","75.0","T","0.00","0.00"
"2020-07-06","86.0","73.0","0.35","0.00","0.00"
"2020-07-07","88.0","71.0","0.08","0.00","0.00"
"2020-07-08","93.0","73.0","T","0.00","0.00"
"2020-07-09","82.0","71.0","0.33","0.00","0.00"
"2020-07-10","85.0","66.0","0.00","0.00","0.00"
"2020-07-11","84.0","65.0","0.46","0.00","0.00"
"2020-07-12","85.0","64.0","0.00","0.00","0.00"
"2020-07-13","85.0","66.0","0.00","0.00","0.00"
"2020-07-14","79.0","62.0","0.24","0.00","0.00"
"2020-07-15","80.0","59.0","0.00","0.00","0.00"
"2020-07-16","84.0","63.0","0.00","0.00","0.00"
"2020-07-17","90.0","71.0","0.00","0.00","0.00"
"2020-07-18","91.0","68.0","0.51","0.00","0.00"
"2020-07-19","83.0","68.0","0.00","0.00","0.00"
"2020-07-20","83.0","65.0","0.00","0.00","0.00"
"2020-07-21","82.0","62.0","0.36","0.00","0.00"
"2020-07-22","69.0","57.0","0.00","0.00","0.00"
"2020-07-23","80.0","59.0","0.00","0.00","0.00"
"2020-07-24","92.0","69.0","0.00","0.00","0.00"
"2020-07-25","88.0","71.0","0.24","0.00","0.00"
"2020-07-26","86.0","68.0","0.45","0.00","0.00"
"2020-07-27","84.0","64.0","0.00","0.00","0.00"
"2020-07-28","85.0","67.0","0.17","0.00","0.00"
"2020-07-29","84.0","63.0","0.00","0.00","0.00"
"2020-07-30","82.0","63.0","0.00","0.00","0.00"
"2020-07-31","84.0","60.0","0.00","0.00","0.00"
"2020-08-01","82.0","65.0","0.15","0.00","0.00"
"2020-08-02","73.0","60.0","0.00","0.00","0.00"
"2020-08-03","74.0","57.0","0.00","0.00","0.00"
"2020-08-04","79.0","54.0","0.00","0.00","0.00"
"2020-08-05","78.0","60.0","0.00","0.00","0.00"
"2020-08-06","79.0","61.0","0.00","0.00","0.00"
"2020-08-07","83.0","66.0","T","0.00","0.00"
"2020-08-08","83.0","69.0","0.01","0.00","0.00"
"2020-08-09","87.0","68.0","0.54","0.00","0.00"
"2020-08-10","79.0","64.0","1.27","T","0.00"
"2020-08-11","84.0","60.0","0.00","0.00","0.00"
"2020-08-12","74.0","63.0","0.45","0.00","0.00"
"2020-08-13","88.0","68.0","0.00","0.00","0.00"
"2020-08-14","85.0","61.0","0.49","0.00","0.00"
"2020-08-15","78.0","57.0","0.00","0.00","0.00"
"2020-08-16","84.0","63.0","0.03","0.00","0.00"
"2020-08-17","78.0","63.0","T","0.00","0.00"
"2020-08-18","81.0","58.0","0.00","0.00","0.00"
"2020-08-19","83.0","62.0","T","0.00","0.00"
"2020-08-20","83.0","68.0","0.00","0.00","0.00"
"2020-08-21","87.0","68.0","0.08","0.00","0.00"
"2020-08-22","84.0","66.0","0.10","0.00","0.00"
"2020-08-23","91.0","70.0","0.00","0.00","0.00"
"2020-08-24","89.0","71.0","0.03","0.00","0.00"
"2020-08-25","90.0","72.0","0.00","0.00","0.00"
"2020-08-26","92.0","76.0","0.01","0.00","0.00"
"2020-08-27","88.0","72.0","0.00","0.00","0.00"
"2020-08-28","82.0","65.0","0.39","0.00","0.00"
"2020-08-29","77.0","59.0","0.00","0.00","0.00"
"2020-08-30","78.0","59.0","T","0.00","0.00"
"2020-08-31","74.0","59.0","0.43","0.00","0.00"
"2020-09-01","71.0","58.0","0.00","0.00","0.00"
"2020-09-02","82.0","57.0","0.00","0.00","0.00"
"2020-09-03","76.0","55.0","T","0.00","0.00"
"2020-09-04","74.0","52.0","0.00","0.00","0.00"
"2020-09-05","78.0","54.0","0.00","0.00","0.00"
"2020-09-06","83.0","61.0","0.18","0.00","0.00"
"2020-09-07","64.0","50.0","0.25","0.00","0.00"
"2020-09-08","52.0","45.0","0.00","0.00","0.00"
"2020-09-09","50.0","41.0","0.14","0.00","0.00"
"2020-09-10","60.0","38.0","0.00","0.00","0.00"
"2020-09-11","59.0","44.0","0.07","0.00","0.00"
"2020-09-12","64.0","55.0","0.03","0.00","0.00"
"2020-09-13","73.0","52.0","0.00","0.00","0.00"
"2020-09-14","79.0","56.0","0.00","0.00","0.00"
"2020-09-15","81.0","65.0","0.00","0.00","0.00"
"2020-09-16","71.0","52.0","0.00","0.00","0.00"
"2020-09-17","58.0","43.0","0.00","0.00","0.00"
"2020-09-18","62.0","42.0","0.00","0.00","0.00"
"2020-09-19","71.0","45.0","0.00","0.00","0.00"
"2020-09-20","74.0","52.0","T","0.00","0.00"
"2020-09-21","77.0","58.0","0.05","0.00","0.00"
"2020-09-22","83.0","60.0","0.00","0.00","0.00"
"2020-09-23","84.0","60.0","T","0.00","0.00"
"2020-09-24","76.0","60.0","0.05","0.00","0.00"
"2020-09-25","85.0","59.0","0.00","0.00","0.00"
"2020-09-26","70.0","57.0","0.01","0.00","0.00"
"2020-09-27","67.0","52.0","0.03","0.00","0.00"
"2020-09-28","58.0","49.0","0.02","0.00","0.00"
"2020-09-29","64.0","48.0","0.00","0.00","0.00"
"2020-09-30","64.0","47.0","0.05","0.00","0.00"
"2020-10-01","56.0","43.0","0.02","0.00","0.00"
"2020-10-02","51.0","38.0","0.00","0.00","0.00"
"2020-10-03","52.0","39.0","0.00","0.00","0.00"
"2020-10-04","56.0","32.0","0.00","0.00","0.00"
"2020-10-05","70.0","46.0","0.00","0.00","0.00"
"2020-10-06","80.0","48.0","T","0.00","0.00"
"2020-10-07","71.0","51.0","0.00","0.00","0.00"
"2020-10-08","68.0","44.0","0.00","0.00","0.00"
"2020-10-09","80.0","56.0","0.00","0.00","0.00"
"2020-10-10","66.0","50.0","0.00","0.00","0.00"
"2020-10-11","69.0","48.0","0.52","0.00","0.00"
"2020-10-12","64.0","50.0","0.72","0.00","0.00"
"2020-10-13","63.0","51.0","0.00","0.00","0.00"
"2020-10-14","62.0","42.0","0.03","0.00","0.00"
"2020-10-15","50.0","33.0","T","0.00","0.00"
"2020-10-16","45.0","33.0","0.03","0.20","0.00"
"2020-10-17","53.0","35.0","0.04","0.00","0.00"
"2020-10-18","36.0","29.0","0.00","0.00","0.00"
"2020-10-19","34.0","27.0","0.05","T","0.00"
"2020-10-20","33.0","29.0","0.79","7.90","0.00"
"2020-10-21","36.0","31.0","T","0.00","7.00"
"2020-10-22","35.0","32.0","0.09","T","5.00"
"2020-10-23","36.0","24.0","0.06","0.80","2.00"
"2020-10-24","32.0","24.0","0.00","0.00","T"
"2020-10-25","29.0","25.0","0.05","0.40","T"
"2020-10-26","32.0","20.0","0.00","0.00","T"
"2020-10-27","34.0","16.0","0.00","0.00","T"
"2020-10-28","50.0","30.0","0.00","0.00","T"
"2020-10-29","38.0","31.0","0.00","0.00","0.00"
"2020-10-30","45.0","30.0","0.00","0.00","0.00"
"2020-10-31","55.0","33.0","T","T","0.00"
"2020-11-01","39.0","26.0","T","T","0.00"
"2020-11-02","58.0","27.0","0.00","0.00","0.00"
"2020-11-03","75.0","33.0","0.00","0.00","0.00"
"2020-11-04","74.0","43.0","0.00","0.00","0.00"
"2020-11-05","66.0","42.0","0.00","0.00","0.00"
"2020-11-06","75.0","49.0","0.00","0.00","0.00"
"2020-11-07","74.0","60.0","0.00","0.00","0.00"
"2020-11-08","72.0","54.0","0.00","0.00","0.00"
"2020-11-09","66.0","32.0","0.32","0.00","0.00"
"2020-11-10","32.0","27.0","0.62","5.50","0.00"
"2020-11-11","37.0","21.0","T","T","6.00"
"2020-11-12","31.0","22.0","0.16","2.80","4.00"
"2020-11-13","35.0","13.0","0.00","0.00","6.00"
"2020-11-14","37.0","29.0","0.11","0.00","5.00"
"2020-11-15","36.0","24.0","0.01","T","3.00"
"2020-11-16","41.0","24.0","T","T","1.00"
"2020-11-17","34.0","19.0","0.00","0.00","T"
"2020-11-18","53.0","30.0","0.00","0.00","T"
"2020-11-19","54.0","39.0","0.00","0.00","0.00"
"2020-11-20","42.0","26.0","T","0.00","0.00"
"2020-11-21","39.0","22.0","0.00","0.00","0.00"
"2020-11-22","41.0","29.0","0.06","0.50","1.00"
"2020-11-23","36.0","23.0","0.00","0.00","0.00"
"2020-11-24","36.0","32.0","0.01","0.00","0.00"
"2020-11-25","36.0","34.0","0.00","0.00","0.00"
"2020-11-26","36.0","28.0","0.00","0.00","0.00"
"2020-11-27","37.0","27.0","0.00","0.00","0.00"
"2020-11-28","50.0","32.0","0.00","0.00","0.00"
"2020-11-29","40.0","22.0","0.00","0.00","0.00"
"2020-11-30","29.0","17.0","0.00","0.00","0.00"
"2020-12-01","37.0","16.0","0.00","0.00","0.00"
"2020-12-02","43.0","19.0","0.00","0.00","0.00"
"2020-12-03","41.0","26.0","0.00","0.00","0.00"
"2020-12-04","43.0","23.0","0.00","0.00","0.00"
"2020-12-05","40.0","19.0","0.01","0.20","0.00"
"2020-12-06","35.0","31.0","0.00","0.00","T"
"2020-12-07","34.0","30.0","0.00","0.00","0.00"
"2020-12-08","39.0","29.0","0.00","0.00","0.00"
"2020-12-09","52.0","27.0","0.00","0.00","0.00"
"2020-12-10","48.0","32.0","0.00","0.00","0.00"
"2020-12-11","38.0","28.0","0.00","0.00","0.00"
"2020-12-12","32.0","26.0","0.00","0.00","0.00"
"2020-12-13","27.0","19.0","0.03","0.40","0.00"
"2020-12-14","21.0","10.0","T","T","T"
"2020-12-15","25.0","11.0","0.00","0.00","T"
"2020-12-16","29.0","15.0","0.00","0.00","T"
"2020-12-17","30.0","19.0","0.00","0.00","T"
"2020-12-18","42.0","26.0","0.02","T","T"
"2020-12-19","34.0","20.0","0.00","0.00","0.00"
"2020-12-20","38.0","20.0","T","T","0.00"
"2020-12-21","39.0","22.0","0.00","0.00","0.00"
"2020-12-22","44.0","21.0","0.00","0.00","0.00"
"2020-12-23","46.0","7.0","0.48","8.70","0.00"
"2020-12-24","7.0","-3.0","T","0.10","8.00"
"2020-12-25","17.0","-5.0","0.00","0.00","8.00"
"2020-12-26","23.0","10.0","0.00","0.00","8.00"
"2020-12-27","24.0","14.0","0.02","0.60","7.00"
"2020-12-28","24.0","7.0","0.00","0.00","8.00"
"2020-12-29","22.0","3.0","0.19","2.40","8.00"
"2020-12-30","24.0","14.0","0.01","T","9.00"
"2020-12-31","23.0","9.0","0.00","0.00","9.00"
"2021-01-01","23.0","12.0","0.00","0.00","9.00"
"2021-01-02","26.0","10.0","0.00","0.00","9.00"
"2021-01-03","36.0","12.0","0.00","0.00","8.00"
"2021-01-04","38.0","19.0","0.01","T","8.00"
"2021-01-05","34.0","16.0","0.00","0.00","8.00"
"2021-01-06","33.0","24.0","0.00","0.00","8.00"
"2021-01-07","25.0","21.0","0.00","0.00","8.00"
"2021-01-08","23.0","15.0","0.00","0.00","8.00"
"2021-01-09","18.0","12.0","T","T","8.00"
"2021-01-10","29.0","18.0","0.00","0.00","7.00"
"2021-01-11","36.0","22.0","0.00","0.00","7.00"
"2021-01-12","38.0","19.0","0.00","0.00","7.00"
"2021-01-13","39.0","26.0","0.00","0.00","7.00"
"2021-01-14","35.0","30.0","0.27","2.00","7.00"
"2021-01-15","35.0","33.0","0.20","0.90","9.00"
"2021-01-16","33.0","23.0","T","T","7.00"
"2021-01-17","23.0","19.0","T","T","7.00"
"2021-01-18","23.0","19.0","T","T","6.00"
"2021-01-19","21.0","3.0","0.03","0.50","6.00"
"2021-01-20","37.0","2.0","0.00","0.00","6.00"
"2021-01-21","34.0","8.0","0.00","0.00","6.00"
"2021-01-22","15.0","1.0","0.00","0.00","6.00"
"2021-01-23","20.0","9.0","0.32","4.10","6.00"
"2021-01-24","29.0","15.0","0.03","0.30","10.00"
"2021-01-25","23.0","11.0","0.00","0.00","10.00"
"2021-01-26","21.0","10.0","T","T","9.00"
"2021-01-27","15.0","9.0","0.00","0.00","9.00"
"2021-01-28","21.0","9.0","0.00","0.00","9.00"
"2021-01-29","24.0","17.0","0.00","0.00","8.00"
"2021-01-30","33.0","24.0","T","T","8.00"
"2021-01-31","33.0","28.0","0.01","T","7.00"
"2021-02-01","29.0","22.0","T","T","7.00"
"2021-02-02","24.0","18.0","T","T","7.00"
"2021-02-03","34.0","16.0","T","0.00","7.00"
"2021-02-04","33.0","7.0","0.19","2.10","7.00"
"2021-02-05","11.0","2.0","0.00","0.00","8.00"
"2021-02-06","3.0","-12.0","0.00","0.00","8.00"
"2021-02-07","-3.0","-16.0","0.01","0.10","8.00"
"2021-02-08","1.0","-10.0","T","T","8.00"
"2021-02-09","8.0","-8.0","0.02","0.20","8.00"
"2021-02-10","8.0","-6.0","0.00","0.00","8.00"
"2021-02-11","1.0","-10.0","0.01","0.20","7.00"
"2021-02-12","-4.0","-13.0","0.01","0.20","7.00"
"2021-02-13","-3.0","-12.0","0.00","0.00","7.00"
"2021-02-14","-4.0","-19.0","0.00","0.00","7.00"
"2021-02-15","0.0","-17.0","0.00","0.00","7.00"
"2021-02-16","12.0","-15.0","0.00","0.00","7.00"
"2021-02-17","9.0","-3.0","0.05","0.60","7.00"
"2021-02-18","16.0","7.0","0.02","0.30","8.00"
"2021-02-19","19.0","2.0","0.00","0.00","8.00"
"2021-02-20","22.0","-2.0","0.00","0.00","8.00"
"2021-02-21","28.0","18.0","0.06","0.60","8.00"
"2021-02-22","41.0","25.0","0.00","0.00","8.00"
"2021-02-23","39.0","31.0","0.00","0.00","8.00"
"2021-02-24","38.0","28.0","0.01","0.10","7.00"
"2021-02-25","36.0","24.0","0.00","0.00","6.00"
"2021-02-26","41.0","25.0","0.00","0.00","6.00"
"2021-02-27","47.0","27.0","0.00","0.00","5.00"
"2021-02-28","38.0","20.0","0.14","1.50","4.00"
"2021-03-01","26.0","13.0","0.04","0.70","6.00"
"2021-03-02","47.0","17.0","0.00","0.00","5.00"
"2021-03-03","50.0","26.0","0.00","0.00","3.00"
"2021-03-04","46.0","29.0","0.00","0.00","1.00"
"2021-03-05","46.0","30.0","0.00","0.00","T"
"2021-03-06","48.0","25.0","0.00","0.00","T"
"2021-03-07","62.0","32.0","0.00","0.00","T"
"2021-03-08","58.0","32.0","0.00","0.00","T"
"2021-03-09","62.0","41.0","0.00","0.00","0.00"
"2021-03-10","50.0","36.0","0.69","T","0.00"
"2021-03-11","48.0","33.0","T","T","0.00"
"2021-03-12","45.0","26.0","0.00","0.00","0.00"
"2021-03-13","59.0","28.0","0.00","0.00","0.00"
"2021-03-14","48.0","34.0","0.00","0.00","0.00"
"2021-03-15","36.0","28.0","0.31","2.90","0.00"
"2021-03-16","35.0","29.0","0.01","T","3.00"
"2021-03-17","43.0","32.0","0.01","0.40","3.00"
"2021-03-18","53.0","31.0","0.00","0.00","T"
"2021-03-19","51.0","30.0","0.00","0.00","0.00"
"2021-03-20","57.0","32.0","0.00","0.00","0.00"
"2021-03-21","63.0","41.0","T","0.00","0.00"
"2021-03-22","59.0","35.0","T","0.00","0.00"
"2021-03-23","59.0","44.0","0.61","0.00","0.00"
"2021-03-24","45.0","39.0","0.94","0.00","0.00"
"2021-03-25","53.0","30.0","0.00","0.00","0.00"
"2021-03-26","48.0","28.0","0.00","0.00","0.00"
"2021-03-27","47.0","36.0","0.21","0.00","0.00"
"2021-03-28","45.0","32.0","0.00","0.00","0.00"
"2021-03-29","73.0","39.0","0.00","0.00","0.00"
"2021-03-30","55.0","29.0","0.00","0.00","0.00"
"2021-03-31","36.0","23.0","0.00","0.00","0.00"
"2021-04-01","44.0","20.0","0.00","0.00","0.00"
"2021-04-02","61.0","33.0","0.00","0.00","0.00"
"2021-04-03","71.0","39.0","0.00","0.00","0.00"
"2021-04-04","77.0","46.0","0.00","0.00","0.00"
"2021-04-05","85.0","47.0","0.20","0.00","0.00"
"2021-04-06","71.0","50.0","0.68","0.00","0.00"
"2021-04-07","74.0","51.0","0.21","0.00","0.00"
"2021-04-08","65.0","47.0","0.30","0.00","0.00"
"2021-04-09","53.0","44.0","0.12","0.00","0.00"
"2021-04-10","48.0","42.0","0.00","0.00","0.00"
"2021-04-11","55.0","42.0","0.00","0.00","0.00"
"2021-04-12","49.0","36.0","0.07","0.00","0.00"
"2021-04-13","37.0","31.0","0.04","0.30","0.00"
"2021-04-14","49.0","31.0","0.02","0.20","T"
"2021-04-15","52.0","38.0","T","0.00","0.00"
"2021-04-16","60.0","37.0","0.00","0.00","0.00"
"2021-04-17","61.0","36.0","0.00","0.00","0.00"
"2021-04-18","64.0","38.0","0.01","0.00","0.00"
"2021-04-19","40.0","31.0","T","T","0.00"
"2021-04-20","43.0","30.0","0.00","0.00","0.00"
"2021-04-21","43.0","29.0","T","T","0.00"
"2021-04-22","64.0","34.0","0.00","0.00","0.00"
"2021-04-23","52.0","44.0","0.09","0.00","0.00"
"2021-04-24","50.0","36.0","T","0.00","0.00"
"2021-04-25","46.0","33.0","T","T","0.00"
"2021-04-26","55.0","39.0","0.23","0.00","0.00"
"2021-04-27","54.0","41.0","0.53","0.00","0.00"
"2021-04-28","63.0","37.0","0.00","0.00","0.00"
"2021-04-29","67.0","43.0","0.00","0.00","0.00"
"2021-04-30","61.0","40.0","0.00","0.00","0.00"
"2021-05-01","87.0","54.0","0.00","0.00","0.00"
"2021-05-02","72.0","53.0","T","0.00","0.00"
"2021-05-03","68.0","49.0","0.00","0.00","0.00"
"2021-05-04","60.0","41.0","0.00","0.00","0.00"
"2021-05-05","55.0","39.0","0.07","0.00","0.00"
"2021-05-06","62.0","39.0","T","0.00","0.00"
"2021-05-07","58.0","39.0","0.00","0.00","0.00"
"2021-05-08","58.0","40.0","0.00","0.00","0.00"
"2021-05-09","63.0","40.0","0.00","0.00","0.00"
"2021-05-10","56.0","38.0","T","0.00","0.00"
"2021-05-11","63.0","36.0","0.00","0.00","0.00"
"2021-05-12","69.0","42.0","0.00","0.00","0.00"
"2021-05-13","71.0","48.0","0.00","0.00","0.00"
"2021-05-14","68.0","54.0","0.01","0.00","0.00"
"2021-05-15","75.0","51.0","0.00","0.00","0.00"
"2021-05-16","75.0","52.0","0.00","0.00","0.00"
"2021-05-17","79.0","53.0","0.00","0.00","0.00"
"2021-05-18","74.0","58.0","0.03","0.00","0.00"
"2021-05-19","77.0","62.0","0.75","0.00","0.00"
"2021-05-20","74.0","65.0","0.10","0.00","0.00"
"2021-05-21","81.0","63.0","0.59","0.00","0.00"
"2021-05-22","83.0","68.0","0.00","0.00","0.00"
"2021-05-23","80.0","66.0","T","0.00","0.00"
"2021-05-24","87.0","67.0","0.30","0.00","0.00"
"2021-05-25","86.0","63.0","0.43","0.00","0.00"
"2021-05-26","66.0","54.0","T","0.00","0.00"
"2021-05-27","56.0","41.0","0.98","0.00","0.00"
"2021-05-28","61.0","39.0","0.01","0.00","0.00"
"2021-05-29","65.0","42.0","0.01","0.00","0.00"
"2021-05-30","62.0","54.0","0.00","0.00","0.00"
"2021-05-31","78.0","52.0","0.00","0.00","0.00"
"2021-06-01","79.0","54.0","0.00","0.00","0.00"
"2021-06-02","84.0","60.0","T","0.00","0.00"
"2021-06-03","91.0","70.0","T","0.00","0.00"
"2021-06-04","97.0","73.0","0.00","0.00","0.00"
"2021-06-05","99.0","78.0","0.00","0.00","0.00"
"2021-06-06","93.0","76.0","0.00","0.00","0.00"
"2021-06-07","96.0","74.0","0.00","0.00","0.00"
"2021-06-08","96.0","77.0","0.00","0.00","0.00"
"2021-06-09","96.0","75.0","0.40","0.00","0.00"
"2021-06-10","97.0","75.0","0.00","0.00","0.00"
"2021-06-11","90.0","73.0","0.00","0.00","0.00"
"2021-06-12","87.0","66.0","0.00","0.00","0.00"
"2021-06-13","97.0","63.0","0.00","0.00","0.00"
"2021-06-14","88.0","61.0","0.00","0.00","0.00"
"2021-06-15","83.0","63.0","0.00","0.00","0.00"
"2021-06-16","89.0","63.0","0.00","0.00","0.00"
"2021-06-17","89.0","68.0","0.00","0.00","0.00"
"2021-06-18","91.0","63.0","0.00","0.00","0.00"
"2021-06-19","81.0","62.0","0.00","0.00","0.00"
"2021-06-20","74.0","61.0","0.70","0.00","0.00"
"2021-06-21","69.0","53.0","0.00","0.00","0.00"
"2021-06-22","76.0","51.0","0.00","0.00","0.00"
"2021-06-23","88.0","58.0","0.00","0.00","0.00"
"2021-06-24","90.0","71.0","0.00","0.00","0.00"
"2021-06-25","87.0","66.0","0.00","0.00","0.00"
"2021-06-26","76.0","68.0","0.14","0.00","0.00"
"2021-06-27","83.0","65.0","0.70","0.00","0.00"
"2021-06-28","84.0","64.0","0.12","0.00","0.00"
"2021-06-29","84.0","67.0","T","0.00","0.00"
"2021-06-30","88.0","66.0","0.00","0.00","0.00"
"2021-07-01","89.0","69.0","0.00","0.00","0.00"
"2021-07-02","86.0","61.0","0.00","0.00","0.00"
"2021-07-03","87.0","67.0","0.00","0.00","0.00"
"2021-07-04","94.0","74.0","0.00","0.00","0.00"
"2021-07-05","96.0","75.0","0.00","0.00","0.00"
"2021-07-06","82.0","59.0","0.43","0.00","0.00"
"2021-07-07","66.0","56.0","T","0.00","0.00"
"2021-07-08","73.0","54.0","0.00","0.00","0.00"
"2021-07-09","78.0","61.0","0.00","0.00","0.00"
"2021-07-10","81.0","64.0","0.00","0.00","0.00"
"2021-07-11","87.0","62.0","0.00","0.00","0.00"
"2021-07-12","83.0","62.0","0.00","0.00","0.00"
"2021-07-13","87.0","65.0","0.00","0.00","0.00"
"2021-07-14","75.0","64.0","0.22","0.00","0.00"
"2021-07-15","84.0","61.0","0.00","0.00","0.00"
"2021-07-16","86.0","63.0","0.00","0.00","0.00"
"2021-07-17","87.0","65.0","0.00","0.00","0.00"
"2021-07-18","88.0","66.0","0.00","0.00","0.00"
"2021-07-19","90.0","68.0","0.00","0.00","0.00"
"2021-07-20","90.0","69.0","0.00","0.00","0.00"
"2021-07-21","85.0","66.0","0.00","0.00","0.00"
"2021-07-22","85.0","70.0","0.06","0.00","0.00"
"2021-07-23","95.0","73.0","0.00","0.00","0.00"
"2021-07-24","93.0","73.0","0.02","0.00","0.00"
"2021-07-25","92.0","66.0","0.00","0.00","0.00"
"2021-07-26","90.0","70.0","0.06","0.00","0.00"
"2021-07-27","93.0","76.0","0.00","0.00","0.00"
"2021-07-28","93.0","71.0","0.08","0.00","0.00"
"2021-07-29","85.0","68.0","0.00","0.00","0.00"
"2021-07-30","80.0","65.0","0.00","0.00","0.00"
"2021-07-31","88.0","61.0","0.00","0.00","0.00"
"2021-08-01","81.0","62.0","0.00","0.00","0.00"
"2021-08-02","82.0","62.0","0.00","0.00","0.00"
"2021-08-03","86.0","63.0","0.00","0.00","0.00"
"2021-08-04","85.0","66.0","0.00","0.00","0.00"
"2021-08-05","83.0","69.0","0.39","0.00","0.00"
"2021-08-06","85.0","67.0","0.00","0.00","0.00"
"2021-08-07","73.0","67.0","0.87","0.00","0.00"
"2021-08-08","79.0","68.0","1.22","0.00","0.00"
"2021-08-09","86.0","67.0","0.00","0.00","0.00"
"2021-08-10","88.0","73.0","T","0.00","0.00"
"2021-08-11","84.0","68.0","T","0.00","0.00"
"2021-08-12","82.0","66.0","0.01","0.00","0.00"
"2021-08-13","80.0","59.0","0.00","0.00","0.00"
"2021-08-14","86.0","58.0","0.00","0.00","0.00"
"2021-08-15","85.0","65.0","0.00","0.00","0.00"
"2021-08-16","85.0","62.0","0.00","0.00","0.00"
"2021-08-17","88.0","64.0","0.00","0.00","0.00"
"2021-08-18","90.0","68.0","0.00","0.00","0.00"
"2021-08-19","90.0","70.0","0.00","0.00","0.00"
"2021-08-20","90.0","71.0","0.10","0.00","0.00"
"2021-08-21","75.0","59.0","0.00","0.00","0.00"
"2021-08-22","80.0","56.0","0.04","0.00","0.00"
"2021-08-23","91.0","65.0","0.00","0.00","0.00"
"2021-08-24","82.0","65.0","1.27","0.00","0.00"
"2021-08-25","84.0","67.0","0.00","0.00","0.00"
"2021-08-26","73.0","63.0","1.59","0.00","0.00"
"2021-08-27","76.0","68.0","0.58","0.00","0.00"
"2021-08-28","83.0","67.0","0.65","0.00","0.00"
"2021-08-29","81.0","66.0","0.16","0.00","0.00"
"2021-08-30","83.0","62.0","0.00","0.00","0.00"
"2021-08-31","79.0","63.0","0.00","0.00","0.00"
"2021-09-01","78.0","61.0","0.00","0.00","0.00"
"2021-09-02","69.0","61.0","0.14","0.00","0.00"
"2021-09-03","64.0","60.0","0.82","0.00","0.00"
"2021-09-04","78.0","61.0","0.00","0.00","0.00"
"2021-09-05","78.0","58.0","0.00","0.00","0.00"
"2021-09-06","81.0","56.0","0.00","0.00","0.00"
"2021-09-07","79.0","63.0","0.00","0.00","0.00"
"2021-09-08","75.0","59.0","T","0.00","0.00"
"2021-09-09","75.0","55.0","0.00","0.00","0.00"
"2021-09-10","82.0","57.0","0.00","0.00","0.00"
"2021-09-11","79.0","64.0","0.00","0.00","0.00"
"2021-09-12","72.0","56.0","0.00","0.00","0.00"
"2021-09-13","77.0","53.0","0.14","0.00","0.00"
"2021-09-14","72.0","58.0","0.00","0.00","0.00"
"2021-09-15","78.0","52.0","0.00","0.00","0.00"
"2021-09-16","88.0","66.0","0.00","0.00","0.00"
"2021-09-17","78.0","55.0","0.24","0.00","0.00"
"2021-09-18","78.0","50.0","0.00","0.00","0.00"
"2021-09-19","90.0","66.0","0.00","0.00","0.00"
"2021-09-20","76.0","56.0","0.10","0.00","0.00"
"2021-09-21","67.0","51.0","0.00","0.00","0.00"
"2021-09-22","71.0","46.0","0.00","0.00","0.00"
"2021-09-23","74.0","48.0","0.00","0.00","0.00"
"2021-09-24","61.0","49.0","0.04","0.00","0.00"
"2021-09-25","69.0","44.0","0.00","0.00","0.00"
"2021-09-26","82.0","50.0","0.00","0.00","0.00"
"2021-09-27","78.0","56.0","0.00","0.00","0.00"
"2021-09-28","82.0","56.0","0.00","0.00","0.00"
"2021-09-29","85.0","59.0","0.00","0.00","0.00"
"2021-09-30","82.0","63.0","0.00","0.00","0.00"
"2021-10-01","79.0","64.0","0.01","0.00","0.00"
"2021-10-02","73.0","64.0","0.26","0.00","0.00"
"2021-10-03","73.0","54.0","0.00","0.00","0.00"
"2021-10-04","73.0","51.0","0.00","0.00","0.00"
"2021-10-05","75.0","54.0","0.00","0.00","0.00"
"2021-10-06","75.0","56.0","0.00","0.00","0.00"
"2021-10-07","71.0","62.0","0.00","0.00","0.00"
"2021-10-08","73.0","63.0","T","0.00","0.00"
"2021-10-09","79.0","61.0","T","0.00","0.00"
"2021-10-10","71.0","53.0","T","0.00","0.00"
"2021-10-11","71.0","49.0","0.00","0.00","0.00"
"2021-10-12","65.0","57.0","0.00","0.00","0.00"
"2021-10-13","64.0","55.0","0.01","0.00","0.00"
"2021-10-14","56.0","46.0","0.00","0.00","0.00"
"2021-10-15","55.0","42.0","0.01","0.00","0.00"
"2021-10-16","64.0","38.0","0.00","0.00","0.00"
"2021-10-17","69.0","40.0","0.00","0.00","0.00"
"2021-10-18","79.0","46.0","0.00","0.00","0.00"
"2021-10-19","74.0","50.0","T","0.00","0.00"
"2021-10-20","60.0","48.0","0.68","0.00","0.00"
"2021-10-21","51.0","35.0","0.05","0.00","0.00"
"2021-10-22","50.0","33.0","0.00","0.00","0.00"
"2021-10-23","52.0","31.0","0.00","0.00","0.00"
"2021-10-24","49.0","38.0","0.00","0.00","0.00"
"2021-10-25","53.0","35.0","0.00","0.00","0.00"
"2021-10-26","57.0","39.0","0.00","0.00","0.00"
"2021-10-27","53.0","47.0","0.32","0.00","0.00"
"2021-10-28","49.0","46.0","0.54","0.00","0.00"
"2021-10-29","58.0","39.0","0.00","0.00","0.00"
"2021-10-30","59.0","35.0","0.00","0.00","0.00"
"2021-10-31","49.0","36.0","0.00","0.00","0.00"
"2021-11-01","44.0","32.0","0.00","0.00","0.00"
"2021-11-02","43.0","31.0","0.00","0.00","0.00"
"2021-11-03","46.0","32.0","0.00","0.00","0.00"
"2021-11-04","52.0","30.0","0.00","0.00","0.00"
"2021-11-05","60.0","38.0","0.00","0.00","0.00"
"2021-11-06","67.0","45.0","0.00","0.00","0.00"
"2021-11-07","62.0","44.0","0.00","0.00","0.00"
"2021-11-08","56.0","41.0","0.00","0.00","0.00"
"2021-11-09","56.0","31.0","0.00","0.00","0.00"
"2021-11-10","54.0","35.0","0.27","0.00","0.00"
"2021-11-11","44.0","35.0","0.41","T","0.00"
"2021-11-12","39.0","33.0","0.06","T","0.00"
"2021-11-13","34.0","30.0","0.08","1.20","0.00"
"2021-11-14","34.0","30.0","T","T","1.00"
"2021-11-15","36.0","28.0","0.00","0.00","T"
"2021-11-16","45.0","30.0","0.00","0.00","0.00"
"2021-11-17","42.0","31.0","T","T","0.00"
"2021-11-18","32.0","23.0","T","T","0.00"
"2021-11-19","42.0","20.0","0.00","0.00","0.00"
"2021-11-20","44.0","30.0","0.00","0.00","0.00"
"2021-11-21","38.0","19.0","0.00","0.00","0.00"
"2021-11-22","30.0","17.0","0.00","0.00","0.00"
"2021-11-23","54.0","25.0","0.00","0.00","0.00"
"2021-11-24","50.0","26.0","0.00","0.00","0.00"
"2021-11-25","26.0","14.0","T","T","0.00"
"2021-11-26","34.0","16.0","0.00","0.00","0.00"
"2021-11-27","41.0","27.0","0.00","0.00","0.00"
"2021-11-28","39.0","24.0","0.00","0.00","0.00"
"2021-11-29","52.0","32.0","0.00","0.00","0.00"
"2021-11-30","45.0","30.0","0.03","0.00","0.00"
"2021-12-01","51.0","35.0","0.13","T","0.00"
"2021-12-02","50.0","37.0","0.03","T","0.00"
"2021-12-03","43.0","31.0","0.02","0.00","0.00"
"2021-12-04","35.0","27.0","0.11","1.00","0.00"
"2021-12-05","38.0","28.0","0.01","0.10","1.00"
"2021-12-06","28.0","3.0","T","T","1.00"
"2021-12-07","16.0","5.0","0.10","1.40","1.00"
"2021-12-08","23.0","3.0","0.00","0.00","3.00"
"2021-12-09","40.0","23.0","0.00","0.00","3.00"
"2021-12-10","30.0","25.0","0.68","11.00","1.00"
"2021-12-11","30.0","22.0","0.04","0.80","12.00"
"2021-12-12","36.0","24.0","0.00","0.00","10.00"
"2021-12-13","41.0","24.0","0.00","0.00","9.00"
"2021-12-14","41.0","29.0","0.00","0.00","8.00"
"2021-12-15","58.0","39.0","0.27","0.00","4.00"
"2021-12-16","43.0","15.0","T","0.20","0.00"
"2021-12-17","20.0","11.0","0.00","0.00","T"
"2021-12-18","23.0","9.0","0.11","1.50","2.00"
"2021-12-19","31.0","7.0","T","T","2.00"
"2021-12-20","29.0","11.0","0.00","0.00","1.00"
"2021-12-21","21.0","7.0","0.05","0.60","1.00"
"2021-12-22","25.0","7.0","0.00","0.00","2.00"
"2021-12-23","39.0","22.0","0.00","0.00","2.00"
"2021-12-24","43.0","28.0","T","0.00","1.00"
"2021-12-25","29.0","18.0","T","T","0.00"
"2021-12-26","31.0","13.0","0.21","2.20","0.00"
"2021-12-27","34.0","6.0","0.05","T","2.00"
"2021-12-28","21.0","0.0","0.13","2.20","2.00"
"2021-12-29","10.0","-7.0","0.00","0.00","4.00"
"2021-12-30","27.0","6.0","0.01","0.10","4.00"
"2021-12-31","22.0","1.0","T","0.40","4.00"
"2022-01-01","1.0","-11.0","0.00","0.00","4.00"
"2022-01-02","5.0","-14.0","0.00","0.00","4.00"
"2022-01-03","26.0","2.0","0.00","0.00","4.00"
"2022-01-04","32.0","15.0","T","T","4.00"
"2022-01-05","22.0","3.0","0.11","2.10","4.00"
"2022-01-06","3.0","-10.0","0.01","T","5.00"
"2022-01-07","11.0","-17.0","0.00","0.00","5.00"
"2022-01-08","29.0","5.0","T","T","5.00"
"2022-01-09","6.0","-4.0","0.00","0.00","5.00"
"2022-01-10","4.0","-9.0","0.00","0.00","5.00"
"2022-01-11","38.0","3.0","0.00","0.00","4.00"
"2022-01-12","40.0","27.0","0.00","0.00","4.00"
"2022-01-13","34.0","26.0","0.00","0.00","3.00"
"2022-01-14","26.0","10.0","0.25","3.70","3.00"
"2022-01-15","15.0","2.0","0.00","0.00","6.00"
"2022-01-16","28.0","7.0","T","T","6.00"
"2022-01-17","30.0","18.0","0.00","0.00","6.00"
"2022-01-18","42.0","9.0","T","0.00","6.00"
"2022-01-19","9.0","-5.0","0.00","0.00","5.00"
"2022-01-20","3.0","-11.0","0.00","0.00","5.00"
"2022-01-21","23.0","-8.0","0.07","0.80","5.00"
"2022-01-22","24.0","7.0","0.11","2.30","6.00"
"2022-01-23","8.0","-7.0","0.05","1.30","8.00"
"2022-01-24","11.0","-5.0","0.02","0.30","9.00"
"2022-01-25","4.0","-13.0","0.00","0.00","9.00"
"2022-01-26","29.0","-16.0","0.00","0.00","8.00"
"2022-01-27","33.0","6.0","0.02","T","8.00"
"2022-01-28","12.0","-5.0","0.00","0.00","8.00"
"2022-01-29","27.0","5.0","0.00","0.00","7.00"
"2022-01-30","23.0","13.0","0.00","0.00","7.00"
"2022-01-31","31.0","11.0","0.00","0.00","7.00"
"2022-02-01","37.0","3.0","T","T","7.00"
"2022-02-02","7.0","-4.0","0.00","0.00","7.00"
"2022-02-03","7.0","-9.0","0.00","0.00","6.00"
"2022-02-04","9.0","-4.0","0.03","0.20","6.00"
"2022-02-05","22.0","-3.0","T","T","6.00"
"2022-02-06","23.0","2.0","0.03","0.50","6.00"
"2022-02-07","20.0","-2.0","0.00","0.00","6.00"
"2022-02-08","43.0","12.0","0.00","0.00","6.00"
"2022-02-09","36.0","20.0","T","T","5.00"
"2022-02-10","40.0","13.0","0.08","0.60","4.00"
"2022-02-11","38.0","3.0","0.02","0.10","4.00"
"2022-02-12","4.0","-7.0","0.02","0.40","4.00"
"2022-02-13","8.0","-5.0","0.03","1.10","4.00"
"2022-02-14","19.0","4.0","0.02","0.70","6.00"
"2022-02-15","32.0","10.0","0.00","0.00","6.00"
"2022-02-16","28.0","15.0","0.00","0.00","5.00"
"2022-02-17","14.0","-2.0","0.00","0.00","4.00"
"2022-02-18","36.0","2.0","0.02","0.10","4.00"
"2022-02-19","27.0","-1.0","0.00","0.00","4.00"
"2022-02-20","44.0","25.0","0.00","0.00","4.00"
"2022-02-21","25.0","15.0","T","T","2.00"
"2022-02-22","15.0","2.0","0.39","5.10","2.00"
"2022-02-23","11.0","-5.0","0.00","0.00","7.00"
"2022-02-24","11.0","-3.0","0.14","1.50","6.00"
"2022-02-25","18.0","2.0","T","T","8.00"
"2022-02-26","36.0","5.0","0.00","0.00","8.00"
"2022-02-27","35.0","13.0","0.00","0.00","7.00"
"2022-02-28","44.0","21.0","0.00","0.00","7.00"
"2022-03-01","42.0","30.0","0.00","0.00","4.00"
"2022-03-02","34.0","23.0","0.01","T","4.00"
"2022-03-03","26.0","16.0","0.00","0.00","3.00"
"2022-03-04","37.0","22.0","T","0.00","3.00"
"2022-03-05","35.0","31.0","0.80","0.00","2.00"
"2022-03-06","31.0","21.0","0.34","3.30","6.00"
"2022-03-07","29.0","16.0","0.00","0.00","6.00"
"2022-03-08","38.0","23.0","T","T","5.00"
"2022-03-09","25.0","11.0","T","T","3.00"
"2022-03-10","26.0","8.0","0.00","0.00","3.00"
"2022-03-11","23.0","2.0","0.00","0.00","3.00"
"2022-03-12","30.0","-1.0","0.00","0.00","3.00"
"2022-03-13","43.0","24.0","0.00","0.00","3.00"
"2022-03-14","39.0","27.0","0.06","0.80","1.00"
"2022-03-15","51.0","24.0","0.00","0.00","1.00"
"2022-03-16","55.0","37.0","0.00","0.00","1.00"
"2022-03-17","48.0","35.0","0.00","0.00","T"
"2022-03-18","46.0","31.0","0.00","0.00","T"
"2022-03-19","54.0","26.0","0.00","0.00","0.00"
"2022-03-20","60.0","30.0","0.00","0.00","0.00"
"2022-03-21","65.0","46.0","T","0.00","0.00"
"2022-03-22","47.0","35.0","0.88","0.00","0.00"
"2022-03-23","37.0","32.0","0.09","0.50","T"
"2022-03-24","45.0","33.0","0.00","0.00","0.00"
"2022-03-25","41.0","24.0","0.01","T","0.00"
"2022-03-26","33.0","19.0","0.00","0.00","0.00"
"2022-03-27","32.0","13.0","0.00","0.00","0.00"
"2022-03-28","38.0","19.0","0.00","0.00","0.00"
"2022-03-29","44.0","33.0","0.19","T","0.00"
"2022-03-30","34.0","32.0","0.57","0.50","T"
"2022-03-31","35.0","26.0","T","T","T"
"2022-04-01","45.0","24.0","0.00","0.00","T"
"2022-04-02","53.0","36.0","T","0.00","0.00"
"2022-04-03","42.0","29.0","0.34","1.00","0.00"
"2022-04-04","45.0","33.0","0.01","T","1.00"
"2022-04-05","45.0","34.0","0.34","T","0.00"
"2022-04-06","40.0","33.0","0.22","T","T"
"2022-04-07","38.0","30.0","0.15","0.40","T"
"2022-04-08","48.0","31.0","T","T","T"
"2022-04-09","55.0","28.0","0.00","0.00","0.00"
"2022-04-10","61.0","36.0","0.00","0.00","0.00"
"2022-04-11","60.0","38.0","0.00","0.00","0.00"
"2022-04-12","57.0","40.0","0.55","0.00","0.00"
"2022-04-13","47.0","32.0","0.15","0.00","0.00"
"2022-04-14","36.0","27.0","0.01","0.20","0.00"
"2022-04-15","35.0","22.0","T","T","T"
"2022-04-16","43.0","25.0","0.00","0.00","0.00"
"2022-04-17","45.0","26.0","0.08","T","0.00"
"2022-04-18","37.0","29.0","0.01","T","T"
"2022-04-19","47.0","25.0","0.00","0.00","0.00"
"2022-04-20","46.0","40.0","0.62","0.00","0.00"
"2022-04-21","56.0","37.0","0.00","0.00","0.00"
"2022-04-22","54.0","42.0","0.20","0.00","0.00"
"2022-04-23","74.0","52.0","0.28","0.00","0.00"
"2022-04-24","52.0","36.0","T","0.00","0.00"
"2022-04-25","39.0","30.0","T","T","0.00"
"2022-04-26","43.0","28.0","0.00","0.00","0.00"
"2022-04-27","51.0","31.0","0.00","0.00","0.00"
"2022-04-28","51.0","36.0","T","0.00","0.00"
"2022-04-29","60.0","45.0","0.12","0.00","0.00"
"2022-04-30","54.0","47.0","0.91","0.00","0.00"
"2022-05-01","48.0","41.0","0.10","0.00","0.00"
"2022-05-02","50.0","39.0","0.00","0.00","0.00"
"2022-05-03","58.0","43.0","0.00","0.00","0.00"
"2022-05-04","64.0","40.0","0.00","0.00","0.00"
"2022-05-05","65.0","47.0","0.00","0.00","0.00"
"2022-05-06","72.0","45.0","0.00","0.00","0.00"
"2022-05-07","74.0","50.0","0.00","0.00","0.00"
"2022-05-08","65.0","52.0","0.03","0.00","0.00"
"2022-05-09","87.0","58.0","0.01","0.00","0.00"
"2022-05-10","80.0","57.0","0.00","0.00","0.00"
"2022-05-11","79.0","63.0","1.94","T","0.00"
"2022-05-12","92.0","59.0","0.04","0.00","0.00"
"2022-05-13","75.0","61.0","0.01","0.00","0.00"
"2022-05-14","75.0","58.0","0.00","0.00","0.00"
"2022-05-15","75.0","54.0","T","0.00","0.00"
"2022-05-16","71.0","54.0","0.00","0.00","0.00"
"2022-05-17","72.0","51.0","0.08","0.00","0.00"
"2022-05-18","74.0","56.0","0.01","0.00","0.00"
"2022-05-19","72.0","53.0","T","0.00","0.00"
"2022-05-20","67.0","47.0","0.05","0.00","0.00"
"2022-05-21","56.0","44.0","0.00","0.00","0.00"
"2022-05-22","59.0","40.0","0.00","0.00","0.00"
"2022-05-23","66.0","40.0","0.00","0.00","0.00"
"2022-05-24","69.0","52.0","T","0.00","0.00"
"2022-05-25","55.0","47.0","0.57","0.00","0.00"
"2022-05-26","63.0","47.0","0.00","0.00","0.00"
"2022-05-27","76.0","45.0","0.00","0.00","0.00"
"2022-05-28","90.0","60.0","0.06","0.00","0.00"
"2022-05-29","82.0","66.0","0.01","0.00","0.00"
"2022-05-30","89.0","65.0","0.42","0.00","0.00"
"2022-05-31","73.0","57.0","0.00","0.00","0.00"
"2022-06-01","70.0","51.0","0.00","0.00","0.00"
"2022-06-02","79.0","53.0","0.00","0.00","0.00"
"2022-06-03","71.0","52.0","0.00","0.00","0.00"
"2022-06-04","71.0","57.0","0.00","0.00","0.00"
"2022-06-05","71.0","58.0","0.11","0.00","0.00"
"2022-06-06","78.0","58.0","0.14","0.00","0.00"
"2022-06-07","70.0","59.0","T","0.00","0.00"
"2022-06-08","80.0","56.0","0.00","0.00","0.00"
"2022-06-09","81.0","55.0","0.00","0.00","0.00"
"2022-06-10","81.0","62.0","0.00","0.00","0.00"
"2022-06-11","81.0","65.0","0.03","0.00","0.00"
"2022-06-12","79.0","63.0","0.00","0.00","0.00"
"2022-06-13","80.0","68.0","0.12","0.00","0.00"
"2022-06-14","96.0","72.0","0.00","0.00","0.00"
"2022-06-15","78.0","65.0","0.36","0.00","0.00"
"2022-06-16","81.0","66.0","0.00","0.00","0.00"
"2022-06-17","84.0","62.0","0.00","0.00","0.00"
"2022-06-18","84.0","64.0","0.00","0.00","0.00"
"2022-06-19","97.0","71.0","0.00","0.00","0.00"
"2022-06-20","101.0","79.0","0.00","0.00","0.00"
"2022-06-21","90.0","73.0","0.04","0.00","0.00"
"2022-06-22","86.0","67.0","0.00","0.00","0.00"
"2022-06-23","96.0","67.0","0.00","0.00","0.00"
"2022-06-24","91.0","68.0","0.01","0.00","0.00"
"2022-06-25","83.0","65.0","0.20","0.00","0.00"
"2022-06-26","76.0","60.0","0.00","0.00","0.00"
"2022-06-27","85.0","58.0","0.00","0.00","0.00"
"2022-06-28","87.0","65.0","0.02","0.00","0.00"
"2022-06-29","92.0","61.0","0.00","0.00","0.00"
"2022-06-30","93.0","70.0","0.10","0.00","0.00"
"2022-07-01","86.0","65.0","0.00","0.00","0.00"
"2022-07-02","77.0","67.0","0.03","0.00","0.00"
"2022-07-03","85.0","65.0","0.00","0.00","0.00"
"2022-07-04","88.0","70.0","0.29","0.00","0.00"
"2022-07-05","90.0","71.0","T","0.00","0.00"
"2022-07-06","82.0","67.0","0.00","0.00","0.00"
"2022-07-07","87.0","71.0","0.01","0.00","0.00"
"2022-07-08","84.0","71.0","0.06","0.00","0.00"
"2022-07-09","85.0","67.0","0.00","0.00","0.00"
"2022-07-10","84.0","70.0","0.04","0.00","0.00"
"2022-07-11","88.0","67.0","T","0.00","0.00"
"2022-07-12","88.0","63.0","0.38","0.00","0.00"
"2022-07-13","80.0","62.0","0.00","0.00","0.00"
"2022-07-14","87.0","62.0","0.00","0.00","0.00"
"2022-07-15","88.0","69.0","0.07","0.00","0.00"
"2022-07-16","86.0","71.0","0.00","0.00","0.00"
"2022-07-17","87.0","73.0","T","0.00","0.00"
"2022-07-18","95.0","74.0","0.00","0.00","0.00"
"2022-07-19","91.0","75.0","0.00","0.00","0.00"
"2022-07-20","89.0","72.0","0.00","0.00","0.00"
"2022-07-21","87.0","73.0","0.00","0.00","0.00"
"2022-07-22","93.0","73.0","T","0.00","0.00"
"2022-07-23","80.0","70.0","0.19","0.00","0.00"
"2022-07-24","82.0","64.0","0.00","0.00","0.00"
"2022-07-25","79.0","59.0","0.00","0.00","0.00"
"2022-07-26","79.0","65.0","0.10","0.00","0.00"
"2022-07-27","84.0","62.0","0.00","0.00","0.00"
"2022-07-28","79.0","59.0","0.00","0.00","0.00"
"2022-07-29","81.0","60.0","0.00","0.00","0.00"
"2022-07-30","88.0","62.0","0.00","0.00","0.00"
"2022-07-31","86.0","67.0","0.01","0.00","0.00"
"2022-08-01","85.0","65.0","0.00","0.00","0.00"
"2022-08-02","95.0","65.0","0.16","0.00","0.00"
"2022-08-03","90.0","68.0","T","0.00","0.00"
"2022-08-04","84.0","61.0","0.00","0.00","0.00"
"2022-08-05","91.0","68.0","0.00","0.00","0.00"
"2022-08-06","81.0","70.0","0.57","0.00","0.00"
"2022-08-07","77.0","60.0","0.77","0.00","0.00"
"2022-08-08","78.0","56.0","0.00","0.00","0.00"
"2022-08-09","83.0","61.0","0.00","0.00","0.00"
"2022-08-10","87.0","67.0","0.00","0.00","0.00"
"2022-08-11","82.0","66.0","0.00","0.00","0.00"
"2022-08-12","74.0","61.0","0.95","0.00","0.00"
"2022-08-13","74.0","63.0","0.00","0.00","0.00"
"2022-08-14","72.0","58.0","0.00","0.00","0.00"
"2022-08-15","76.0","60.0","0.00","0.00","0.00"
"2022-08-16","81.0","66.0","0.00","0.00","0.00"
"2022-08-17","83.0","64.0","0.18","0.00","0.00"
"2022-08-18","82.0","63.0","0.23","0.00","0.00"
"2022-08-19","77.0","62.0","0.26","0.00","0.00"
"2022-08-20","76.0","64.0","0.00","0.00","0.00"
"2022-08-21","83.0","61.0","0.00","0.00","0.00"
"2022-08-22","82.0","62.0","0.00","0.00","0.00"
"2022-08-23","83.0","61.0","0.00","0.00","0.00"
"2022-08-24","82.0","69.0","0.00","0.00","0.00"
"2022-08-25","79.0","65.0","0.00","0.00","0.00"
"2022-08-26","80.0","61.0","0.00","0.00","0.00"
"2022-08-27","80.0","66.0","0.88","0.00","0.00"
"2022-08-28","80.0","68.0","0.27","0.00","0.00"
"2022-08-29","80.0","66.0","0.00","0.00","0.00"
"2022-08-30","79.0","60.0","0.00","0.00","0.00"
"2022-08-31","89.0","63.0","0.00","0.00","0.00"
"2022-09-01","88.0","68.0","0.00","0.00","0.00"
"2022-09-02","88.0","68.0","0.00","0.00","0.00"
"2022-09-03","76.0","59.0","0.00","0.00","0.00"
"2022-09-04","75.0","52.0","0.00","0.00","0.00"
"2022-09-05","77.0","58.0","0.00","0.00","0.00"
"2022-09-06","83.0","61.0","0.00","0.00","0.00"
"2022-09-07","87.0","68.0","0.00","0.00","0.00"
"2022-09-08","86.0","70.0","0.00","0.00","0.00"
"2022-09-09","76.0","60.0","0.11","0.00","0.00"
"2022-09-10","73.0","56.0","0.00","0.00","0.00"
"2022-09-11","75.0","50.0","0.00","0.00","0.00"
"2022-09-12","78.0","51.0","0.00","0.00","0.00"
"2022-09-13","81.0","54.0","0.00","0.00","0.00"
"2022-09-14","78.0","57.0","0.00","0.00","0.00"
"2022-09-15","87.0","65.0","0.00","0.00","0.00"
"2022-09-16","77.0","65.0","0.04","0.00","0.00"
"2022-09-17","83.0","66.0","0.00","0.00","0.00"
"2022-09-18","73.0","60.0","0.00","0.00","0.00"
"2022-09-19","82.0","54.0","0.00","0.00","0.00"
"2022-09-20","92.0","65.0","0.00","0.00","0.00"
"2022-09-21","70.0","51.0","T","0.00","0.00"
"2022-09-22","65.0","47.0","0.00","0.00","0.00"
"2022-09-23","57.0","51.0","0.08","0.00","0.00"
"2022-09-24","68.0","54.0","T","0.00","0.00"
"2022-09-25","72.0","53.0","T","0.00","0.00"
"2022-09-26","64.0","46.0","0.00","0.00","0.00"
"2022-09-27","60.0","42.0","T","0.00","0.00"
"2022-09-28","62.0","37.0","0.00","0.00","0.00"
"2022-09-29","70.0","45.0","0.00","0.00","0.00"
"2022-09-30","71.0","51.0","0.01","0.00","0.00"
"2022-10-01","72.0","56.0","T","0.00","0.00"
"2022-10-02","75.0","55.0","0.00","0.00","0.00"
"2022-10-03","76.0","57.0","0.00","0.00","0.00"
"2022-10-04","78.0","57.0","T","0.00","0.00"
"2022-10-05","73.0","58.0","T","0.00","0.00"
"2022-10-06","61.0","44.0","T","0.00","0.00"
"2022-10-07","49.0","38.0","0.03","0.00","0.00"
"2022-10-08","64.0","34.0","0.00","0.00","0.00"
"2022-10-09","69.0","43.0","0.00","0.00","0.00"
"2022-10-10","71.0","44.0","0.00","0.00","0.00"
"2022-10-11","80.0","54.0","0.00","0.00","0.00"
"2022-10-12","63.0","44.0","0.07","0.00","0.00"
"2022-10-13","45.0","35.0","T","T","0.00"
"2022-10-14","42.0","32.0","0.06","0.40","T"
"2022-10-15","55.0","31.0","0.00","0.00","0.00"
"2022-10-16","47.0","34.0","T","T","0.00"
"2022-10-17","40.0","28.0","0.00","0.00","0.00"
"2022-10-18","43.0","23.0","0.00","0.00","0.00"
"2022-10-19","49.0","24.0","0.00","0.00","0.00"
"2022-10-20","61.0","34.0","0.00","0.00","0.00"
"2022-10-21","68.0","45.0","0.00","0.00","0.00"
"2022-10-22","77.0","40.0","0.00","0.00","0.00"
"2022-10-23","78.0","59.0","0.00","0.00","0.00"
"2022-10-24","70.0","44.0","0.08","0.00","0.00"
"2022-10-25","50.0","35.0","0.00","0.00","0.00"
"2022-10-26","52.0","34.0","0.00","0.00","0.00"
"2022-10-27","56.0","40.0","0.00","0.00","0.00"
"2022-10-28","62.0","43.0","0.00","0.00","0.00"
"2022-10-29","67.0","42.0","0.00","0.00","0.00"
"2022-10-30","66.0","42.0","0.00","0.00","0.00"
"2022-10-31","65.0","38.0","0.00","0.00","0.00"
"2022-11-01","71.0","41.0","0.00","0.00","0.00"
"2022-11-02","76.0","53.0","0.00","0.00","0.00"
"2022-11-03","65.0","47.0","0.17","0.00","0.00"
"2022-11-04","46.0","35.0","0.08","0.00","0.00"
"2022-11-05","42.0","32.0","0.01","0.00","0.00"
"2022-11-06","52.0","35.0","0.07","0.00","0.00"
"2022-11-07","37.0","27.0","0.00","0.00","0.00"
"2022-11-08","50.0","35.0","0.31","0.00","0.00"
"2022-11-09","67.0","47.0","0.56","0.00","0.00"
"2022-11-10","68.0","26.0","0.03","0.00","0.00"
"2022-11-11","31.0","25.0","T","T","0.00"
"2022-11-12","29.0","27.0","T","T","T"
"2022-11-13","29.0","23.0","T","T","T"
"2022-11-14","31.0","24.0","0.11","2.50","T"
"2022-11-15","33.0","30.0","0.16","0.90","2.00"
"2022-11-16","33.0","21.0","0.07","0.70","3.00"
"2022-11-17","28.0","21.0","0.02","0.40","3.00"
"2022-11-18","22.0","18.0","T","T","3.00"
"2022-11-19","23.0","11.0","T","0.10","2.00"
"2022-11-20","30.0","10.0","T","T","2.00"
"2022-11-21","33.0","20.0","0.00","0.00","2.00"
"2022-11-22","40.0","20.0","0.00","0.00","2.00"
"2022-11-23","47.0","24.0","0.00","0.00","1.00"
"2022-11-24","43.0","31.0","0.00","0.00","T"
"2022-11-25","50.0","28.0","0.00","0.00","0.00"
"2022-11-26","53.0","39.0","0.00","0.00","0.00"
"2022-11-27","42.0","27.0","0.00","0.00","0.00"
"2022-11-28","43.0","25.0","0.00","0.00","0.00"
"2022-11-29","34.0","20.0","0.81","8.40","0.00"
"2022-11-30","22.0","11.0","T","T","7.00"
"2022-12-01","32.0","7.0","0.00","0.00","6.00"
"2022-12-02","39.0","14.0","0.06","1.00","5.00"
"2022-12-03","14.0","4.0","T","T","5.00"
"2022-12-04","34.0","8.0","0.00","0.00","5.00"
"2022-12-05","30.0","16.0","T","0.10","4.00"
"2022-12-06","30.0","11.0","0.00","0.00","4.00"
"2022-12-07","23.0","10.0","0.04","0.50","4.00"
"2022-12-08","29.0","7.0","0.00","0.00","4.00"
"2022-12-09","33.0","26.0","T","T","4.00"
"2022-12-10","35.0","30.0","0.01","0.10","3.00"
"2022-12-11","35.0","30.0","0.00","0.00","3.00"
"2022-12-12","36.0","29.0","0.00","0.00","3.00"
"2022-12-13","36.0","34.0","0.26","T","3.00"
"2022-12-14","37.0","33.0","0.24","0.40","2.00"
"2022-12-15","34.0","30.0","0.52","4.90","1.00"
"2022-12-16","31.0","24.0","0.13","1.80","5.00"
"2022-12-17","24.0","10.0","0.03","1.10","5.00"
"2022-12-18","10.0","0.0","0.00","0.00","5.00"
"2022-12-19","14.0","0.0","0.05","1.40","5.00"
"2022-12-20","11.0","-8.0","T","T","6.00"
"2022-12-21","1.0","-8.0","0.42","7.40","6.00"
"2022-12-22","-4.0","-11.0","0.04","0.70","12.00"
"2022-12-23","-2.0","-12.0","0.00","0.00","11.00"
"2022-12-24","7.0","-5.0","0.00","0.00","10.00"
"2022-12-25","8.0","-4.0","T","T","10.00"
"2022-12-26","14.0","2.0","0.00","0.00","10.00"
"2022-12-27","26.0","2.0","0.00","0.00","9.00"
"2022-12-28","38.0","26.0","0.00","0.00","9.00"
"2022-12-29","37.0","19.0","0.02","0.40","8.00"
"2022-12-30","25.0","16.0","0.00","0.00","7.00"
"2022-12-31","36.0","20.0","0.00","0.00","6.00"
"2023-01-01","35.0","22.0","0.00","0.00","6.00"
"2023-01-02","27.0","22.0","0.02","0.10","6.00"
"2023-01-03","31.0","24.0","0.65","6.00","6.00"
"2023-01-04","33.0","30.0","0.61","8.80","14.00"
"2023-01-05","30.0","18.0","0.01","0.20","16.00"
"2023-01-06","19.0","5.0","T","T","16.00"
"2023-01-07","21.0","0.0","0.00","0.00","15.00"
"2023-01-08","25.0","0.0","0.00","0.00","15.00"
"2023-01-09","32.0","8.0","0.00","0.00","15.00"
"2023-01-10","28.0","19.0","T","T","14.00"
"2023-01-11","34.0","26.0","0.07","T","13.00"
"2023-01-12","32.0","19.0","T","T","13.00"
"2023-01-13","20.0","13.0","T","T","12.00"
"2023-01-14","31.0","13.0","0.00","0.00","12.00"
"2023-01-15","37.0","29.0","0.00","0.00","12.00"
"2023-01-16","37.0","32.0","0.53","0.70","11.00"
"2023-01-17","35.0","31.0","0.02","T","11.00"
"2023-01-18","33.0","28.0","0.00","0.00","9.00"
"2023-01-19","32.0","27.0","0.16","3.50","10.00"
"2023-01-20","27.0","18.0","0.00","0.00","11.00"
"2023-01-21","24.0","17.0","T","T","11.00"
"2023-01-22","21.0","15.0","0.01","0.10","10.00"
"2023-01-23","31.0","11.0","T","T","10.00"
"2023-01-24","29.0","14.0","T","T","10.00"
"2023-01-25","28.0","16.0","0.03","0.70","9.00"
"2023-01-26","16.0","2.0","T","T","10.00"
"2023-01-27","33.0","6.0","0.14","2.20","12.00"
"2023-01-28","7.0","2.0","0.00","0.00","11.00"
"2023-01-29","6.0","-5.0","0.00","0.00","11.00"
"2023-01-30","2.0","-8.0","0.00","0.00","11.00"
"2023-01-31","10.0","-8.0","0.00","0.00","10.00"
"2023-02-01","21.0","1.0","0.00","0.00","10.00"
"2023-02-02","15.0","-9.0","0.00","0.00","10.00"
"2023-02-03","4.0","-13.0","0.00","0.00","10.00"
"2023-02-04","28.0","2.0","0.00","0.00","10.00"
"2023-02-05","31.0","14.0","0.00","0.00","10.00"
"2023-02-06","36.0","14.0","0.09","0.10","9.00"
"2023-02-07","35.0","27.0","0.00","0.00","9.00"
"2023-02-08","45.0","21.0","0.00","0.00","9.00"
"2023-02-09","38.0","19.0","0.00","0.00","8.00"
"2023-02-10","29.0","8.0","0.00","0.00","8.00"
"2023-02-11","39.0","28.0","0.00","0.00","8.00"
"2023-02-12","43.0","20.0","0.00","0.00","7.00"
"2023-02-13","43.0","24.0","0.00","0.00","7.00"
"2023-02-14","43.0","35.0","0.68","0.00","6.00"
"2023-02-15","38.0","16.0","0.16","T","5.00"
"2023-02-16","20.0","12.0","0.00","0.00","4.00"
"2023-02-17","29.0","6.0","0.00","0.00","4.00"
"2023-02-18","36.0","22.0","0.00","0.00","4.00"
"2023-02-19","35.0","18.0","0.00","0.00","4.00"
"2023-02-20","35.0","10.0","0.12","1.70","4.00"
"2023-02-21","15.0","3.0","0.25","3.10","5.00"
"2023-02-22","21.0","14.0","0.25","3.80","8.00"
"2023-02-23","18.0","0.0","0.35","6.50","11.00"
"2023-02-24","11.0","-8.0","T","0.30","13.00"
"2023-02-25","26.0","3.0","T","T","12.00"
"2023-02-26","33.0","5.0","0.00","0.00","12.00"
"2023-02-27","34.0","28.0","0.48","0.00","11.00"
"2023-02-28","40.0","20.0","T","T","10.00"
"2023-03-01","38.0","24.0","0.05","0.40","7.00"
"2023-03-02","28.0","17.0","0.00","0.00","7.00"
"2023-03-03","42.0","22.0","0.00","0.00","7.00"
"2023-03-04","38.0","23.0","0.00","0.00","7.00"
"2023-03-05","38.0","19.0","0.29","2.80","7.00"
"2023-03-06","36.0","29.0","0.05","0.50","9.00"
"2023-03-07","39.0","27.0","0.00","0.00","8.00"
"2023-03-08","35.0","32.0","0.05","0.60","7.00"
"2023-03-09","34.0","29.0","0.15","2.10","8.00"
"2023-03-10","33.0","26.0","0.03","0.60","10.00"
"2023-03-11","31.0","28.0","0.18","2.00","9.00"
"2023-03-12","32.0","23.0","0.05","0.30","11.00"
"2023-03-13","31.0","17.0","T","T","11.00"
"2023-03-14","31.0","11.0","0.00","0.00","11.00"
"2023-03-15","45.0","27.0","0.00","0.00","10.00"
"2023-03-16","45.0","18.0","0.21","0.30","7.00"
"2023-03-17","18.0","7.0","T","0.20","5.00"
"2023-03-18","27.0","8.0","T","0.40","5.00"
"2023-03-19","40.0","7.0","0.00","0.00","5.00"
"2023-03-20","39.0","25.0","0.00","0.00","5.00"
"2023-03-21","41.0","25.0","0.16","0.00","4.00"
"2023-03-22","40.0","27.0","0.05","T","2.00"
"2023-03-23","38.0","23.0","0.00","0.00","2.00"
"2023-03-24","44.0","21.0","0.00","0.00","2.00"
"2023-03-25","45.0","31.0","0.00","0.00","1.00"
"2023-03-26","44.0","24.0","0.00","0.00","T"
"2023-03-27","41.0","24.0","0.00","0.00","T"
"2023-03-28","36.0","15.0","T","T","T"
"2023-03-29","29.0","11.0","0.00","0.00","T"
"2023-03-30","37.0","17.0","0.04","T","T"
"2023-03-31","38.0","31.0","1.41","5.30","T"
"2023-04-01","41.0","25.0","0.13","3.20","8.00"
"2023-04-02","51.0","25.0","0.00","0.00","6.00"
"2023-04-03","44.0","35.0","0.00","0.00","2.00"
"2023-04-04","38.0","34.0","0.06","T","T"
"2023-04-05","37.0","25.0","0.01","T","T"
"2023-04-06","38.0","22.0","0.00","0.00","T"
"2023-04-07","51.0","26.0","0.00","0.00","T"
"2023-04-08","67.0","37.0","0.00","0.00","T"
"2023-04-09","66.0","47.0","T","0.00","T"
"2023-04-10","72.0","46.0","0.00","0.00","0.00"
"2023-04-11","81.0","50.0","0.00","0.00","0.00"
"2023-04-12","88.0","63.0","0.00","0.00","0.00"
"2023-04-13","87.0","64.0","0.00","0.00","0.00"
"2023-04-14","83.0","56.0","T","0.00","0.00"
"2023-04-15","55.0","37.0","0.39","0.00","0.00"
"2023-04-16","37.0","32.0","0.36","0.60","T"
"2023-04-17","50.0","31.0","0.00","0.00","T"
"2023-04-18","56.0","31.0","0.00","0.00","0.00"
"2023-04-19","46.0","37.0","0.66","0.00","0.00"
"2023-04-20","43.0","37.0","0.51","0.00","0.00"
"2023-04-21","42.0","33.0","0.01","T","0.00"
"2023-04-22","37.0","31.0","T","T","T"
"2023-04-23","45.0","29.0","0.00","T","0.00"
"2023-04-24","49.0","32.0","0.00","0.00","0.00"
"2023-04-25","52.0","32.0","0.00","0.00","0.00"
"2023-04-26","57.0","33.0","T","0.00","0.00"
"2023-04-27","62.0","51.0","0.02","0.00","0.00"
"2023-04-28","52.0","40.0","0.24","0.00","0.00"
"2023-04-29","55.0","38.0","T","0.00","0.00"
"2023-04-30","50.0","37.0","T","0.00","0.00"
"2023-05-01","58.0","42.0","0.00","0.00","0.00"
"2023-05-02","62.0","41.0","0.00","0.00","0.00"
"2023-05-03","70.0","38.0","0.00","0.00","0.00"
"2023-05-04","77.0","53.0","0.00","0.00","0.00"
"2023-05-05","64.0","51.0","0.16","0.00","0.00"
"2023-05-06","62.0","56.0","0.50","0.00","0.00"
"2023-05-07","76.0","55.0","0.00","0.00","0.00"
"2023-05-08","77.0","52.0","0.00","0.00","0.00"
"2023-05-09","68.0","55.0","T","0.00","0.00"
"2023-05-10","79.0","58.0","T","0.00","0.00"
"2023-05-11","76.0","60.0","0.03","0.00","0.00"
"2023-05-12","74.0","64.0","T","0.00","0.00"
"2023-05-13","68.0","54.0","0.28","0.00","0.00"
"2023-05-14","66.0","50.0","0.48","0.00","0.00"
"2023-05-15","75.0","46.0","0.00","0.00","0.00"
"2023-05-16","81.0","54.0","0.00","0.00","0.00"
"2023-05-17","67.0","51.0","0.00","0.00","0.00"
"2023-05-18","66.0","53.0","0.14","0.00","0.00"
"2023-05-19","61.0","44.0","0.00","0.00","0.00"
"2023-05-20","73.0","44.0","0.00","0.00","0.00"
"2023-05-21","79.0","52.0","0.00","0.00","0.00"
"2023-05-22","82.0","58.0","0.00","0.00","0.00"
"2023-05-23","84.0","60.0","0.00","0.00","0.00"
"2023-05-24","76.0","56.0","0.00","0.00","0.00"
"2023-05-25","77.0","57.0","0.00","0.00","0.00"
"2023-05-26","81.0","54.0","0.00","0.00","0.00"
"2023-05-27","84.0","54.0","0.00","0.00","0.00"
"2023-05-28","84.0","58.0","0.00","0.00","0.00"
"2023-05-29","88.0","65.0","0.00","0.00","0.00"
"2023-05-30","90.0","63.0","0.03","0.00","0.00"
"2023-05-31","90.0","66.0","0.00","0.00","0.00"
"2023-06-01","91.0","72.0","T","0.00","0.00"
"2023-06-02","87.0","70.0","0.03","0.00","0.00"
"2023-06-03","90.0","68.0","0.00","0.00","0.00"
"2023-06-04","92.0","71.0","0.00","0.00","0.00"
"2023-06-05","87.0","69.0","0.00","0.00","0.00"
"2023-06-06","86.0","69.0","0.00","0.00","0.00"
"2023-06-07","81.0","67.0","0.00","0.00","0.00"
"2023-06-08","83.0","62.0","0.00","0.00","0.00"
"2023-06-09","86.0","61.0","0.00","0.00","0.00"
"2023-06-10","85.0","57.0","0.06","0.00","0.00"
"2023-06-11","71.0","50.0","0.00","0.00","0.00"
"2023-06-12","82.0","55.0","0.00","0.00","0.00"
"2023-06-13","88.0","59.0","0.00","0.00","0.00"
"2023-06-14","85.0","62.0","0.00","0.00","0.00"
"2023-06-15","74.0","56.0","0.00","0.00","0.00"
"2023-06-16","78.0","51.0","0.00","0.00","0.00"
"2023-06-17","85.0","62.0","0.00","0.00","0.00"
"2023-06-18","80.0","66.0","0.01","0.00","0.00"
"2023-06-19","91.0","65.0","0.00","0.00","0.00"
"2023-06-20","91.0","71.0","0.00","0.00","0.00"
"2023-06-21","92.0","69.0","0.00","0.00","0.00"
"2023-06-22","92.0","71.0","0.00","0.00","0.00"
"2023-06-23","92.0","72.0","0.02","0.00","0.00"
"2023-06-24","84.0","63.0","0.05","0.00","0.00"
"2023-06-25","76.0","64.0","0.69","0.00","0.00"
"2023-06-26","84.0","64.0","0.06","0.00","0.00"
"2023-06-27","86.0","64.0","0.00","0.00","0.00"
"2023-06-28","86.0","70.0","0.01","0.00","0.00"
"2023-06-29","91.0","65.0","0.00","0.00","0.00"
"2023-06-30","88.0","68.0","0.00","0.00","0.00"
"2023-07-01","89.0","67.0","0.00","0.00","0.00"
"2023-07-02","90.0","70.0","0.00","0.00","0.00"
"2023-07-03","95.0","71.0","T","0.00","0.00"
"2023-07-04","82.0","67.0","0.57","0.00","0.00"
"2023-07-05","77.0","62.0","0.00","0.00","0.00"
"2023-07-06","76.0","56.0","0.00","0.00","0.00"
"2023-07-07","74.0","59.0","0.00","0.00","0.00"
"2023-07-08","81.0","58.0","0.00","0.00","0.00"
"2023-07-09","86.0","59.0","0.00","0.00","0.00"
"2023-07-10","93.0","68.0","0.00","0.00","0.00"
"2023-07-11","77.0","58.0","T","0.00","0.00"
"2023-07-12","81.0","63.0","0.00","0.00","0.00"
"2023-07-13","87.0","63.0","0.16","0.00","0.00"
"2023-07-14","89.0","67.0","0.03","0.00","0.00"
"2023-07-15","82.0","63.0","0.00","0.00","0.00"
"2023-07-16","80.0","61.0","0.00","0.00","0.00"
"2023-07-17","74.0","57.0","0.00","0.00","0.00"
"2023-07-18","84.0","60.0","0.00","0.00","0.00"
"2023-07-19","90.0","65.0","0.11","0.00","0.00"
"2023-07-20","80.0","64.0","0.00","0.00","0.00"
"2023-07-21","85.0","62.0","0.02","0.00","0.00"
"2023-07-22","88.0","64.0","0.00","0.00","0.00"
"2023-07-23","88.0","63.0","0.00","0.00","0.00"
"2023-07-24","90.0","66.0","0.01","0.00","0.00"
"2023-07-25","94.0","70.0","T","0.00","0.00"
"2023-07-26","93.0","67.0","1.06","0.00","0.00"
"2023-07-27","96.0","73.0","T","0.00","0.00"
"2023-07-28","90.0","69.0","0.61","0.00","0.00"
"2023-07-29","81.0","64.0","0.00","0.00","0.00"
"2023-07-30","81.0","64.0","0.00","0.00","0.00"
"2023-07-31","84.0","63.0","0.00","0.00","0.00"
"2023-08-01","86.0","66.0","0.00","0.00","0.00"
"2023-08-02","90.0","71.0","T","0.00","0.00"
"2023-08-03","95.0","74.0","0.05","0.00","0.00"
"2023-08-04","90.0","68.0","0.00","0.00","0.00"
"2023-08-05","84.0","72.0","0.04","0.00","0.00"
"2023-08-06","75.0","67.0","0.26","0.00","0.00"
"2023-08-07","84.0","63.0","0.00","0.00","0.00"
"2023-08-08","84.0","63.0","0.00","0.00","0.00"
"2023-08-09","82.0","65.0","T","0.00","0.00"
"2023-08-10","80.0","66.0","0.16","0.00","0.00"
"2023-08-11","87.0","65.0","0.35","T","0.00"
"2023-08-12","83.0","64.0","0.00","0.00","0.00"
"2023-08-13","73.0","64.0","1.18","0.00","0.00"
"2023-08-14","72.0","59.0","0.25","0.00","0.00"
"2023-08-15","82.0","55.0","0.00","0.00","0.00"
"2023-08-16","87.0","66.0","T","0.00","0.00"
"2023-08-17","76.0","63.0","0.00","0.00","0.00"
"2023-08-18","79.0","58.0","0.00","0.00","0.00"
"2023-08-19","91.0","67.0","0.00","0.00","0.00"
"2023-08-20","82.0","67.0","0.00","0.00","0.00"
"2023-08-21","78.0","65.0","0.00","0.00","0.00"
"2023-08-22","98.0","71.0","0.00","0.00","0.00"
"2023-08-23","98.0","79.0","0.00","0.00","0.00"
"2023-08-24","88.0","70.0","0.00","0.00","0.00"
"2023-08-25","91.0","70.0","T","0.00","0.00"
"2023-08-26","75.0","62.0","0.00","0.00","0.00"
"2023-08-27","79.0","56.0","0.00","0.00","0.00"
"2023-08-28","88.0","64.0","0.00","0.00","0.00"
"2023-08-29","85.0","64.0","0.00","0.00","0.00"
"2023-08-30","80.0","61.0","0.00","0.00","0.00"
"2023-08-31","83.0","60.0","0.00","0.00","0.00"
"2023-09-01","90.0","61.0","T","0.00","0.00"
"2023-09-02","91.0","72.0","0.00","0.00","0.00"
"2023-09-03","97.0","75.0","0.00","0.00","0.00"
"2023-09-04","98.0","74.0","0.00","0.00","0.00"
"2023-09-05","92.0","72.0","0.01","0.00","0.00"
"2023-09-06","72.0","59.0","T","0.00","0.00"
"2023-09-07","64.0","56.0","0.00","0.00","0.00"
"2023-09-08","78.0","52.0","0.00","0.00","0.00"
"2023-09-09","78.0","60.0","0.05","0.00","0.00"
"2023-09-10","73.0","58.0","0.00","0.00","0.00"
"2023-09-11","75.0","53.0","0.22","0.00","0.00"
"2023-09-12","68.0","51.0","0.00","0.00","0.00"
"2023-09-13","66.0","47.0","0.00","0.00","0.00"
"2023-09-14","83.0","51.0","0.00","0.00","0.00"
"2023-09-15","71.0","59.0","0.36","0.00","0.00"
"2023-09-16","74.0","53.0","0.00","0.00","0.00"
"2023-09-17","73.0","52.0","0.00","0.00","0.00"
"2023-09-18","77.0","54.0","T","0.00","0.00"
"2023-09-19","82.0","61.0","0.00","0.00","0.00"
"2023-09-20","87.0","60.0","0.00","0.00","0.00"
"2023-09-21","85.0","63.0","0.00","0.00","0.00"
"2023-09-22","76.0","65.0","T","0.00","0.00"
"2023-09-23","75.0","64.0","1.28","0.00","0.00"
"2023-09-24","73.0","62.0","0.22","0.00","0.00"
"2023-09-25","65.0","60.0","1.90","0.00","0.00"
"2023-09-26","67.0","61.0","0.01","0.00","0.00"
"2023-09-27","74.0","61.0","0.01","0.00","0.00"
"2023-09-28","73.0","62.0","0.00","0.00","0.00"
"2023-09-29","75.0","60.0","1.51","0.00","0.00"
"2023-09-30","88.0","67.0","0.15","0.00","0.00"
"2023-10-01","92.0","69.0","0.00","0.00","0.00"
"2023-10-02","89.0","67.0","0.00","0.00","0.00"
"2023-10-03","87.0","66.0","0.13","0.00","0.00"
"2023-10-04","66.0","56.0","T","0.00","0.00"
"2023-10-05","65.0","52.0","0.02","0.00","0.00"
"2023-10-06","57.0","44.0","0.07","0.00","0.00"
"2023-10-07","54.0","43.0","0.00","0.00","0.00"
"2023-10-08","60.0","46.0","0.00","0.00","0.00"
"2023-10-09","56.0","38.0","0.00","0.00","0.00"
"2023-10-10","58.0","38.0","0.00","0.00","0.00"
"2023-10-11","62.0","38.0","0.00","0.00","0.00"
"2023-10-12","55.0","44.0","0.33","0.00","0.00"
"2023-10-13","50.0","46.0","1.61","0.00","0.00"
"2023-10-14","56.0","46.0","T","0.00","0.00"
"2023-10-15","57.0","42.0","T","0.00","0.00"
"2023-10-16","61.0","38.0","0.00","0.00","0.00"
"2023-10-17","64.0","41.0","0.00","0.00","0.00"
"2023-10-18","59.0","51.0","T","0.00","0.00"
"2023-10-19","61.0","47.0","0.05","0.00","0.00"
"2023-10-20","69.0","42.0","0.00","0.00","0.00"
"2023-10-21","60.0","45.0","0.00","0.00","0.00"
"2023-10-22","60.0","40.0","T","0.00","0.00"
"2023-10-23","64.0","49.0","0.01","0.00","0.00"
"2023-10-24","56.0","52.0","1.34","0.00","0.00"
"2023-10-25","56.0","51.0","0.02","0.00","0.00"
"2023-10-26","60.0","53.0","0.74","0.00","0.00"
"2023-10-27","53.0","32.0","T","0.00","0.00"
"2023-10-28","34.0","29.0","T","T","0.00"
"2023-10-29","39.0","27.0","0.00","0.00","0.00"
"2023-10-30","39.0","24.0","0.09","0.90","0.00"
"2023-10-31","37.0","26.0","0.09","1.80","2.00"
"2023-11-01","38.0","23.0","0.00","0.00","T"
"2023-11-02","43.0","27.0","0.00","0.00","T"
"2023-11-03","53.0","32.0","0.00","0.00","0.00"
"2023-11-04","51.0","28.0","0.00","0.00","0.00"
"2023-11-05","58.0","37.0","0.00","0.00","0.00"
"2023-11-06","58.0","40.0","0.01","0.00","0.00"
"2023-11-07","46.0","39.0","0.01","0.00","0.00"
"2023-11-08","51.0","40.0","0.00","0.00","0.00"
"2023-11-09","49.0","33.0","0.00","0.00","0.00"
"2023-11-10","40.0","36.0","0.00","0.00","0.00"
"2023-11-11","48.0","32.0","T","0.00","0.00"
"2023-11-12","59.0","37.0","0.00","0.00","0.00"
"2023-11-13","57.0","37.0","0.00","0.00","0.00"
"2023-11-14","66.0","43.0","0.00","0.00","0.00"
"2023-11-15","61.0","39.0","0.00","0.00","0.00"
"2023-11-16","69.0","36.0","0.00","0.00","0.00"
"2023-11-17","46.0","28.0","0.00","0.00","0.00"
"2023-11-18","57.0","32.0","0.00","0.00","0.00"
"2023-11-19","55.0","32.0","0.00","0.00","0.00"
"2023-11-20","46.0","40.0","0.00","0.00","0.00"
"2023-11-21","43.0","29.0","T","0.00","0.00"
"2023-11-22","47.0","26.0","0.00","0.00","0.00"
"2023-11-23","37.0","20.0","0.00","0.00","0.00"
"2023-11-24","29.0","13.0","0.00","0.00","0.00"
"2023-11-25","32.0","23.0","0.01","0.40","0.00"
"2023-11-26","34.0","21.0","0.01","0.10","T"
"2023-11-27","21.0","12.0","0.00","0.00","T"
"2023-11-28","32.0","8.0","0.00","0.00","0.00"
"2023-11-29","48.0","26.0","0.00","0.00","0.00"
"2023-11-30","42.0","24.0","0.00","0.00","0.00"
"2023-12-01","37.0","19.0","0.00","0.00","0.00"
"2023-12-02","40.0","21.0","0.00","0.00","0.00"
"2023-12-03","37.0","31.0","0.00","0.00","0.00"
"2023-12-04","37.0","26.0","0.03","0.60","0.00"
"2023-12-05","34.0","24.0","0.03","0.30","1.00"
"2023-12-06","47.0","22.0","0.00","0.00","T"
"2023-12-07","51.0","30.0","0.00","0.00","0.00"