YEAR,MONTH,mean_temp,median_temp,var_temp,min_temp,max_temp,mean_prcp,median_prcp,var_prcp,min_prcp,max_prcp
1950,1,37.49990377798035,38.7,415.967621667117,-36.1,76.8,0.012607924921793535,0.0,0.008996858462582722,0.0,2.68
1950,2,39.40449840541599,39.6,266.60770581513935,-21.4,77.4,0.007552758588057159,0.0,0.0045939725853764,0.0,1.65
1950,3,42.740029527057985,42.4,232.87419482653806,-14.0,84.9,0.009965009869011304,0.0,0.006713475671049738,0.0,2.09
1950,4,51.81309799789252,51.4,167.01643520932114,10.2,86.4,0.00754300800545052,0.0,0.00463819229886356,0.0,2.44
1950,5,62.52700969578823,62.6,128.66462289119406,19.1,94.4,0.008341326277492971,0.0,0.00733802422931663,0.0,4.53
1950,6,70.5152699692373,71.1,98.72133632715479,25.6,104.6,0.007233974614831963,0.0,0.006128569153792426,0.0,3.03
1950,7,73.06174389993849,73.4,57.05657966230245,37.4,105.0,0.015160574875798437,0.0,0.017812874577186926,0.0,3.82
1950,8,72.22080155602191,72.4,64.52031051636052,45.9,100.8,0.008590995081346954,0.0,0.009575220548540557,0.0,4.09
1950,9,65.93039537841848,65.9,99.90841989985,26.2,104.2,0.010795329020041029,0.0,0.021923820964529037,0.0,9.76
1950,10,60.17253269916766,60.9,105.662738942357,22.1,89.9,0.006216327652556349,0.0,0.00710531722909419,0.0,5.75
1950,11,45.112358294746926,45.0,210.9994597830516,-12.8,86.6,0.007658749394086282,0.0,0.005966449911726621,0.0,2.91
1950,12,36.94298308929676,36.7,216.01073962353453,-17.9,79.5,0.00919786549212265,0.0,0.006643719083965321,0.0,2.6
1951,1,35.83976278033874,36.7,271.3669773186313,-32.2,76.0,0.007713982863704619,0.0,0.003868413239974617,0.0,1.14
1951,2,38.51395082904517,38.8,276.90522362614985,-22.6,76.9,0.009686723973256924,0.0,0.008165954002734958,0.0,2.99
1951,3,43.62300730227296,42.9,234.76219421614476,-23.9,79.0,0.009160066150230656,0.0,0.005064849811834065,0.0,1.89
1951,4,53.32969835126968,52.8,133.50635791451694,9.7,84.7,0.009367012089810018,0.0,0.0064716521460072484,0.0,2.99
1951,5,63.58767526925422,63.6,101.09070924250994,24.9,98.9,0.007753813782219884,0.0,0.007285026416199521,0.0,3.7
1951,6,69.71831163376731,69.8,101.68853430472744,27.8,98.0,0.011872415829887772,0.0,0.009980654100652754,0.0,2.32
1951,7,75.44935492031368,76.1,70.01231047739489,42.4,102.0,0.009844224924012159,0.0,0.009413798971129612,0.0,2.76
1951,8,74.00165410491172,74.2,87.97434621159242,38.2,100.4,0.00846234309623431,0.0,0.0073811817246447605,0.0,2.87
1951,9,67.22090634125992,67.2,111.46834047706923,28.0,95.9,0.009924908980582525,0.0,0.011855543173776104,0.0,3.82
1951,10,58.11814743848326,58.4,149.50601072749063,14.4,89.8,0.008222622478386166,0.0,0.0067851179549349196,0.0,2.64
1951,11,42.915536693924025,42.1,190.3943686084824,-3.7,80.8,0.010505535656138067,0.0,0.009391790330015127,0.0,3.03
1951,12,37.55793093137988,38.2,323.5688929179861,-21.2,80.9,0.010077027639329406,0.0,0.005396015454640808,0.0,2.17
1952,1,38.05096191791634,37.5,307.17556120776703,-23.0,77.3,0.009195402298850575,0.0,0.005666206499170472,0.0,2.13
1952,2,40.36074687483517,39.7,193.54856144235995,-8.5,77.3,0.008108462143044275,0.0,0.005572561510045255,0.0,2.28
1952,3,43.15910052649707,42.8,205.52668754835284,-12.9,82.4,0.01203131834485172,0.0,0.008143187470519059,0.0,2.13
1952,4,55.1597425155819,55.5,117.41175379871659,19.8,83.0,0.008606069849016318,0.0,0.006586556772427337,0.0,2.6
1952,5,63.63252410383189,63.5,102.5718278107438,29.8,92.3,0.01043261486538314,0.0,0.008844657874513585,0.0,3.07
1952,6,73.39794043256079,74.9,104.78905264418997,31.6,98.1,0.00810912581216775,0.0,0.008778872828180595,0.0,3.46
1952,7,76.59557623980383,77.8,64.61072610047056,42.8,101.2,0.009371469949312091,0.0,0.011631352332475916,0.0,5.87
1952,8,74.85037601474177,75.1,72.24517355618512,40.9,100.4,0.010525596232720645,0.0,0.010160407358455704,0.0,3.11
1952,9,68.72162162162162,69.1,84.9614213988751,36.6,100.6,0.006645925729794135,0.0,0.008697653187920585,0.0,4.33
1952,10,56.08243839555754,55.8,121.51143790557906,20.6,89.7,0.0034997121473805412,0.0,0.004765568109767981,0.0,6.38
1952,11,45.53801226366888,45.8,188.9918305829152,-9.2,81.9,0.006723972552202464,0.0,0.005913676533450251,0.0,3.39
1952,12,38.7898420088158,38.3,154.49874723110543,-9.2,77.8,0.008947979756077324,0.0,0.007216981445677645,0.0,3.15
1953,1,41.2346449704142,41.4,195.81040181684472,-18.9,77.0,0.010338868180277872,0.0,0.0065883287746571996,0.0,1.81
1953,2,40.899355402600236,41.0,185.5108261345945,-22.4,79.1,0.00860190205315083,0.0,0.005427511815048531,0.0,2.24
1953,3,48.14590803575838,48.0,202.72365990717879,-6.4,82.6,0.011501933097999663,0.0,0.008948126456715052,0.0,2.2
1953,4,53.25988250319285,52.9,153.73543607488187,15.9,87.7,0.0113203125,0.0,0.008773315222404314,0.0,3.39
1953,5,63.59225338204799,63.3,151.36939587002638,23.0,96.4,0.009978410054745932,0.0,0.007256723778131978,0.0,2.05
1953,6,72.9607441428424,74.7,119.01296217523064,33.2,98.9,0.007753903345724907,0.0,0.0065872738062364685,0.0,2.99
1953,7,76.36512764260071,77.0,63.15466119537425,46.5,104.0,0.009318427695636494,0.0,0.01035883288673721,0.0,3.54
1953,8,74.48618985825514,75.1,65.5397408901315,42.2,99.9,0.00934418004587156,0.0,0.011815332180303874,0.0,3.98
1953,9,69.33536969196636,69.7,93.44841094304172,35.5,96.7,0.006966262519768055,0.0,0.009526374084112742,0.0,5.39
1953,10,59.74544134581685,59.6,108.00223299792317,28.1,89.8,0.005386199151484901,0.0,0.004981363288653698,0.0,2.64
1953,11,48.39478951712753,48.7,126.03895133576982,0.5,79.2,0.006987179487179487,0.0,0.006085494991155394,0.0,2.91
1953,12,39.57134505845908,39.5,178.2051874477101,-16.2,80.4,0.009936528602815527,0.0,0.007601965372095529,0.0,3.07
1954,1,36.37362637362637,37.2,293.02348043144866,-34.1,76.8,0.008744581238078723,0.0,0.00580433725278135,0.0,2.17
1954,2,44.949365531891104,44.7,175.13655161554178,-13.2,82.0,0.006914483518212572,0.0,0.006421666879904348,0.0,5.08
1954,3,44.21505701887173,43.3,214.8070982987117,-4.1,84.7,0.007454732347592315,0.0,0.004363084598629547,0.0,1.61
1954,4,58.01955974842767,58.8,171.9330122282021,-4.9,88.7,0.009719289827255279,0.0,0.00806445770673388,0.0,3.86
1954,5,61.8967347351395,61.9,120.41672289662309,17.0,91.4,0.009557815268469301,0.0,0.007522054072391478,0.0,2.28
1954,6,72.07761170464713,74.0,114.21722715890165,30.3,101.5,0.008681513446867534,0.0,0.007872621816821534,0.0,3.46
1954,7,77.1948458869157,78.3,80.40385707754899,38.2,103.5,0.007582056892778993,0.0,0.006774086015463936,0.0,3.46
1954,8,74.5842759891488,74.4,87.73978550285989,41.0,100.6,0.010706047381546135,0.0,0.010367719056248424,0.0,3.03
1954,9,69.77551816887295,70.4,112.73421706402948,26.3,96.0,0.007960918204271394,0.0,0.01260054217028652,0.0,8.03
1954,10,58.88419494769074,58.2,165.9417564139681,20.8,89.5,0.007938490081347224,0.0,0.008411057088307338,0.0,4.29
1954,11,48.04875575073191,47.6,113.7992790498702,4.2,78.8,0.0072729948491537895,0.0,0.005133574007587756,0.0,1.97
1954,12,38.85209909132443,37.8,177.08988428787632,-11.9,77.2,0.007982097384057411,0.0,0.0051694344687909346,0.0,2.13
1955,1,36.045778471138846,36.1,220.31560015686284,-22.7,76.3,0.008155370177267987,0.0,0.0042978692771338005,0.0,1.42
1955,2,38.35130295429209,38.5,274.3739987202815,-23.5,78.0,0.01045331223151707,0.0,0.007120800702990564,0.0,2.6
1955,3,46.48228838148101,46.3,267.4350398396215,-15.4,81.8,0.008254573170731708,0.0,0.00458757730161866,0.0,1.57
1955,4,57.45230497613287,57.5,146.02421470374136,17.1,87.5,0.009221223373070159,0.0,0.007700917927321713,0.0,4.49
1955,5,65.37883544303797,66.0,113.62202940516127,28.6,92.1,0.010393147992137041,0.0,0.009895894849132447,0.0,3.58
1955,6,70.00431096799633,70.6,87.24989992116846,32.6,106.7,0.010567753167617759,0.0,0.008331472943403544,0.0,3.58
1955,7,76.75288038277512,78.5,68.15151955153281,33.9,101.2,0.011844594594594596,0.0,0.011475320957360445,0.0,2.99
1955,8,76.43682125974192,78.0,59.61585869966696,43.4,97.2,0.013934665571676249,0.0,0.025224068006985643,0.0,6.93
1955,9,69.6388145816942,71.3,112.22391985887091,33.2,99.8,0.009632613314447593,0.0,0.010582963731319624,0.0,4.8
1955,10,59.25641074490379,59.2,111.46201069067081,22.0,88.6,0.012525839241479458,0.0,0.017509568677057004,0.0,4.53
1955,11,45.187065359477124,45.7,244.94076934666643,-20.1,82.3,0.009680486131529942,0.0,0.007262179806389829,0.0,2.24
1955,12,37.75419195751138,37.3,260.39074436125446,-25.7,78.8,0.007369456190382535,0.0,0.004873380502861194,0.0,1.93
1956,1,36.96339684336289,37.3,210.05840166661545,-18.2,78.1,0.010589025524439391,0.0,0.006235866324360352,0.0,2.09
1956,2,39.71751888242765,39.6,277.8244530949814,-21.5,80.0,0.010895909465990805,0.0,0.0066523215147439585,0.0,3.27
1956,3,45.97432516870782,46.1,224.40968819670184,-10.9,83.8,0.010668526266852626,0.0,0.007490970178179427,0.0,2.95
1956,4,54.042744794688325,53.4,151.75695757649922,19.8,85.3,0.008530655391120507,0.0,0.005930786518109577,0.0,2.13
1956,5,64.95868285731987,65.6,137.94280517952515,27.1,93.6,0.011385841537740271,0.0,0.00857829306658591,0.0,2.52
1956,6,72.91730633236901,74.6,94.68124476889109,34.5,101.3,0.010307649149055546,0.0,0.008202813787926666,0.0,2.6
1956,7,75.34283211313435,76.1,70.99642874959757,44.9,101.5,0.014592877767083734,0.0,0.017418965046968306,0.0,4.33
1956,8,74.70188101487314,75.4,81.76848030632259,43.9,99.8,0.00951359463276836,0.0,0.009100416695190796,0.0,2.64
1956,9,68.47643948674964,69.2,110.96411471424214,36.2,97.1,0.007833389888021717,0.0,0.011630615489754807,0.0,8.39
1956,10,60.375711799079944,61.1,113.44558660863547,18.3,88.5,0.008906066207360107,0.0,0.008884695150157157,0.0,3.19
1956,11,46.65902835562952,46.8,188.67183357127402,-0.9,82.6,0.006284287091403031,0.0,0.005518777718902325,0.0,4.21
1956,12,42.833707795044624,42.8,228.3353466745668,-21.1,78.5,0.008010763021333845,0.0,0.005358964228211574,0.0,2.6
1957,1,34.57797813870191,34.6,368.40824524482935,-33.5,78.0,0.009099779300731792,0.0,0.005601222501112996,0.0,2.99
1957,2,43.844430034129694,43.25,252.61778349995137,-15.1,78.0,0.009305370347920961,0.0,0.005645649826878463,0.0,2.05
1957,3,46.57073849579416,46.0,159.22269848347514,-3.8,80.5,0.011251683763340587,0.0,0.0072804227627087095,0.0,2.01
1957,4,55.68926492226985,56.5,173.5771425882245,13.7,83.8,0.013314893155439853,0.0,0.009722054335557609,0.0,2.28
1957,5,63.79996919854617,63.8,107.54555753971138,31.6,88.8,0.015104788903513213,0.0,0.013262921885731612,0.0,2.76
1957,6,72.3416442393951,73.4,85.9662714135744,39.1,105.6,0.015477306733167082,0.0,0.016482017267286795,0.0,3.43
1957,7,76.52081543728602,77.2,66.99412470852688,42.2,103.4,0.0107519498134961,0.0,0.013286208580343696,0.0,4.65
1957,8,74.24716582852177,74.5,73.1016266062384,46.1,103.0,0.009972275896832732,0.0,0.011391992173672122,0.0,3.9
1957,9,68.28370394104454,68.3,95.49323929199022,25.8,96.9,0.011566642120765832,0.0,0.012672073621569063,0.0,3.74
1957,10,56.22970830494829,56.5,117.43606211607405,11.1,88.2,0.01026313418040912,0.0,0.00943495238357909,0.0,3.15
1957,11,47.17367246764837,47.0,164.80140295353385,-0.2,84.3,0.011536769327467002,0.0,0.007195364651017949,0.0,2.28
1957,12,42.75779924453526,42.6,161.58011705382384,-14.4,77.2,0.011018234165067179,0.0,0.007593290770276273,0.0,2.52
1958,1,37.03437229971608,36.8,164.31256268540872,-8.9,76.7,0.013082949760062678,0.0,0.010570925439917068,0.0,2.64
1958,2,36.76201407392225,37.9,277.5461738060341,-17.4,77.1,0.012590469365818703,0.0,0.009882120487273702,0.0,3.5
1958,3,43.58345688164072,42.4,134.31444305633562,0.2,78.2,0.014767927593409143,0.0,0.010338143884784393,0.0,2.28
1958,4,55.371919166080446,55.4,131.21453055166467,16.9,89.0,0.014370679137860918,0.0,0.012983569344571727,0.0,4.09
1958,5,65.41861255250804,66.0,99.61310076221231,28.2,96.1,0.009543101099100736,0.0,0.006484284320360524,0.0,2.36
1958,6,70.8933764972483,70.7,97.26122328513827,41.5,100.6,0.014419808556358663,0.0,0.016061434371673865,0.0,4.21
1958,7,75.40498550359258,76.0,66.39762090429643,47.8,105.6,0.015578843302026694,0.0,0.014661349206294945,0.0,3.82
1958,8,75.50259371450208,76.2,60.952772697906774,47.0,100.8,0.011717354029419728,0.0,0.01586687894881047,0.0,4.69
1958,9,68.93786502271253,69.6,95.65461845410151,33.3,99.5,0.012151458137347129,0.0,0.010971163435167844,0.0,3.58
1958,10,58.699673674301856,59.0,115.16902713085894,28.0,88.9,0.008803002804817687,0.0,0.009067332032893146,0.0,4.76
1958,11,49.029349873351954,49.8,197.18518100754966,-15.6,82.8,0.010782165123748346,0.0,0.007942912014433253,0.0,2.36
1958,12,37.11459141534226,37.5,254.1761790427343,-22.1,82.0,0.0073215592972181555,0.0,0.004616866664283817,0.0,2.2
1959,1,35.73939276485788,36.5,286.7527642801223,-26.5,77.4,0.011595358955765047,0.0,0.007555411466233061,0.0,2.01
1959,2,38.79304571796523,39.2,281.6166402435439,-21.0,79.8,0.01361561025379416,0.0,0.00915905579710516,0.0,1.89
1959,3,46.45681228934405,46.0,167.23709950271447,-2.2,81.0,0.013825891108499805,0.0,0.013719579123924231,0.0,4.49
1959,4,56.13497679424228,56.4,136.90341531461058,11.2,87.9,0.010257316833627971,0.0,0.007046569671927708,0.0,1.93
1959,5,65.0667274503419,66.4,122.75678852770488,29.4,89.6,0.013545134129626003,0.0,0.012699239272805845,0.0,3.98
1959,6,72.47456655198003,73.6,88.3111166907364,38.2,108.8,0.011615649512148461,0.0,0.010488473326292894,0.0,3.23
1959,7,75.8752894497203,76.5,54.127407953031415,41.9,104.8,0.015591282251759186,0.0,0.01879849699368359,0.0,4.45
1959,8,75.56828205294997,77.2,60.95320285772905,44.5,100.8,0.013471106008419442,0.0,0.013937945485983642,0.0,4.09
1959,9,68.81973473740337,70.8,115.47336043086342,27.3,100.7,0.01281139122315593,0.0,0.013102721917104335,0.0,3.86
1959,10,58.511800439446816,58.5,154.67880341496627,21.0,89.9,0.017679080279060625,0.0,0.01786302868280174,0.0,4.17
1959,11,45.052991849446684,45.1,222.9411486029154,-24.8,85.3,0.01133948093925278,0.0,0.010461021744967249,0.0,3.43
1959,12,41.27107083386704,40.8,150.66844185586726,-2.1,77.3,0.012856326763781777,0.0,0.011145163797094494,0.0,3.19
1960,1,35.9439992306706,35.6,238.06232181368333,-18.4,78.9,0.013171608265947888,0.0,0.01070354192772882,0.0,4.76
1960,2,37.27185235816815,37.0,207.54124607294452,-13.0,78.3,0.016975957472514194,0.0,0.012894829412220504,0.0,2.72
1960,3,40.465562619198984,40.5,280.73805170518386,-18.7,85.0,0.012155701070574785,0.0,0.011431111305592137,0.0,5.63
1960,4,56.822677559625774,57.5,149.9673133283242,18.6,89.9,0.012393104776579353,0.0,0.009641493917586574,0.0,2.76
1960,5,62.95002533248892,63.0,108.82730730191072,29.4,101.9,0.013971170152628602,0.0,0.011215463599177126,0.0,3.27
1960,6,71.83414060970037,72.0,83.16247581023191,35.1,106.8,0.012929647776647868,0.0,0.012227927095225386,0.0,4.06
1960,7,75.5054432545466,75.9,63.40857176327217,41.2,108.9,0.01678898259465279,0.0,0.028439100734594987,0.0,7.28
1960,8,74.23034198860039,75.4,69.64105219793886,40.1,106.7,0.011883978406075578,0.0,0.009872045102911647,0.0,2.8
1960,9,69.22470580543934,69.3,90.93950792259687,37.8,104.6,0.01399444344864671,0.0,0.023009076602625564,0.0,4.33
1960,10,58.72096866459035,58.8,123.92256753353371,17.1,90.0,0.01119329045715279,0.0,0.010262748033204967,0.0,3.46
1960,11,48.2758706305129,48.0,145.05392832095183,-10.7,80.8,0.00873163972286374,0.0,0.007252594735162123,0.0,3.15
1960,12,35.43479005454776,34.9,204.53376261687808,-18.5,76.4,0.008157696650357546,0.0,0.006686602775987005,0.0,3.5
1961,1,34.30641823260538,35.4,242.08865475948738,-24.9,76.6,0.008006430868167203,0.0,0.005884654179274464,0.0,2.99
1961,2,41.82150620573592,41.7,217.21292384619508,-19.3,78.0,0.014337659431640188,0.0,0.011247233852952386,0.0,2.13
1961,3,47.75156299336912,47.3,172.85316210786405,6.4,80.0,0.016434717143471715,0.0,0.011988954595386262,0.0,2.6
1961,4,52.76523619209854,52.2,147.54290357250122,16.5,86.4,0.012810756972111554,0.0,0.010319382452260908,0.0,3.98
1961,5,61.935663320073246,61.4,110.16186899196938,30.1,87.5,0.012815779610194903,0.0,0.010207017694940855,0.0,2.72
1961,6,71.48948538547047,71.8,76.09858417800059,41.3,106.4,0.013356401384083045,0.0,0.014347764535582792,0.0,3.9
1961,7,75.16871596808915,75.9,57.653192715749626,46.3,107.5,0.015461190728094643,0.0,0.013632446478497416,0.0,2.76
1961,8,74.37374527112233,75.0,48.990901540507174,48.8,101.9,0.013119901346992981,0.0,0.013917416416345467,0.0,4.29
1961,9,67.92190015049401,69.2,119.11245125111999,30.8,91.8,0.014580851631256112,0.0,0.018905623107702732,0.0,4.72
1961,10,58.01027936507937,58.8,116.67627949525681,16.2,89.9,0.008404615881213686,0.0,0.0076599918695804394,0.0,3.54
1961,11,46.50375786988458,45.8,174.32855871148826,0.0,82.3,0.012369529031626358,0.0,0.00944657828020316,0.0,2.8
1961,12,37.51176508017307,37.7,247.36848709110302,-28.2,79.0,0.012459034066407934,0.0,0.007324594008942875,0.0,2.2
1962,1,33.364520025429115,34.6,310.09007366178446,-28.1,78.2,0.011736786469344609,0.0,0.009489160016736267,0.0,4.02
1962,2,39.669386174855696,40.4,330.4552000033398,-27.5,78.8,0.017522923931292782,0.0,0.015341292906355244,0.0,4.21
1962,3,43.157840584312474,43.2,198.8661861394737,-20.5,78.5,0.010478048780487805,0.0,0.008605196366569966,0.0,4.61
1962,4,55.34320468143863,55.5,144.12495661519083,17.5,85.9,0.009986012681835136,0.0,0.006730364441098804,0.0,2.24
1962,5,65.37709220308827,66.4,129.5805231150994,27.3,94.4,0.010923433461092789,0.0,0.009361208168064124,0.0,3.15
1962,6,70.55486853321094,71.9,78.31357023025672,33.5,100.0,0.016009534213923923,0.0,0.01763405473626509,0.0,4.13
1962,7,73.90471434024685,74.3,74.20672015444434,40.8,101.1,0.01379405794427016,0.0,0.012555780044046434,0.0,2.83
1962,8,74.26475477971738,74.7,75.40360614110355,43.9,104.5,0.013843496286059768,0.0,0.017107485913040496,0.0,4.61
1962,9,66.9564890530203,66.6,102.92891719825674,30.8,100.5,0.013832695984703632,0.0,0.014454197076008556,0.0,6.02
1962,10,59.36811260396673,59.3,132.49237490062126,24.0,87.9,0.011311801887609316,0.0,0.01576385748193651,0.0,5.79
1962,11,47.157293993954525,46.8,110.1993241352868,16.0,81.8,0.012047034180710273,0.0,0.011920014165407975,0.0,4.09
1962,12,37.44024755949722,38.2,226.41391729450342,-15.5,77.0,0.009514687100893997,0.0,0.007224680934788621,0.0,3.11
1963,1,30.853006823544415,32.3,334.20486229134156,-31.6,77.0,0.009825679848590497,0.0,0.007219624919280212,0.0,2.68
1963,2,37.55277444828316,38.5,269.650781859078,-19.8,79.5,0.011976952338330722,0.0,0.011237548086850338,0.0,4.45
1963,3,48.083213764205446,48.5,191.00046614090525,1.6,81.3,0.012194884761256443,0.0,0.007256775087622899,0.0,2.44
1963,4,55.837086397058826,54.7,154.5137469564902,13.5,87.6,0.010758567577974587,0.0,0.007575991382255249,0.0,2.56
1963,5,63.73889064176184,63.2,112.17542355783719,29.4,90.1,0.010070505287896592,0.0,0.006355626921521913,0.0,2.24
1963,6,71.03380924440968,72.0,89.91556960006804,37.3,98.0,0.016022099447513812,0.0,0.01935325193498701,0.0,5.2
1963,7,75.19502849905003,76.0,67.56971054133778,43.3,103.1,0.013560646421594743,0.0,0.016703686890906146,0.0,3.58
1963,8,73.70891214716143,74.0,71.22724041127427,47.1,99.7,0.011798567591763651,0.0,0.008701026661033326,0.0,2.01
1963,9,68.30844583577904,68.4,88.10965537857295,37.0,96.5,0.011768617021276595,0.0,0.01736643462101478,0.0,6.85
1963,10,62.148714040769676,62.9,87.45119912735449,29.8,89.0,0.005375330064126745,0.0,0.0038589639152656406,0.0,2.09
1963,11,48.99894266762987,48.5,125.45531938637536,-3.5,80.0,0.018093063920730523,0.0,0.02492430456084356,0.0,5.91
1963,12,32.98701687360713,34.0,241.22866548271386,-22.5,78.3,0.009063691838291381,0.0,0.005198589248960804,0.0,1.81
1964,1,37.157504451793436,37.7,198.77120552532617,-22.0,78.0,0.014692791485244315,0.0,0.013266053765527927,0.0,4.29
1964,2,37.07963480275261,36.7,156.61904216697505,-6.2,78.1,0.011955236486486486,0.0,0.009265145076577976,0.0,3.27
1964,3,44.706950444726814,44.8,197.44860408039523,-13.9,81.2,0.013474542161400684,0.0,0.012247310461826224,0.0,3.43
1964,4,55.08328832092748,54.7,155.4745579872874,14.2,86.6,0.014319001958964841,0.0,0.01030919540193228,0.0,2.64
1964,5,64.6328266700728,65.3,114.58643846787896,25.1,90.2,0.01084163517691515,0.0,0.009714931888281958,0.0,3.23
1964,6,70.80950348088795,72.2,104.32221969433937,34.9,99.6,0.012446868534888094,0.0,0.011735552758461587,0.0,3.11
1964,7,75.69567047121086,76.6,64.5151253682563,45.1,102.7,0.013999244356286012,0.0,0.014998589835060942,0.0,4.92
1964,8,72.7575967906266,73.4,86.80060075800026,40.3,101.2,0.01496523330283623,0.0,0.01964789429853185,0.0,5.83
1964,9,66.88721259635022,67.0,104.4536742630754,35.5,95.2,0.012415280345040051,0.0,0.017300081400293297,0.0,4.53
1964,10,56.88680355657903,56.9,104.06721645174805,29.7,88.9,0.007556683050578722,0.0,0.008570450881758397,0.0,3.27
1964,11,47.884120256936626,48.9,212.49028688990842,-13.5,80.5,0.013260663507109005,0.0,0.012096315591558913,0.0,3.43
1964,12,38.64698949526006,38.9,285.36654336725763,-27.4,78.4,0.014842568558853403,0.0,0.012934797447306906,0.0,5.67
1965,1,37.26839417052574,37.9,291.0907635860895,-26.7,77.0,0.007195575880038285,0.0,0.0042960803377958354,0.0,1.97
1965,2,38.184140108238125,39.5,273.7049608030385,-19.1,79.3,0.009578566425402755,0.0,0.008648357107390035,0.0,3.03
1965,3,42.02052953156823,41.8,233.90669372460107,-10.7,81.6,0.00863068244663201,0.0,0.006301376974412537,0.0,2.2
1965,4,55.662835493237026,54.8,163.25798980643413,14.5,86.1,0.008510888129803587,0.0,0.006105767790051355,0.0,1.89
1965,5,64.99834064728469,66.7,108.41640402137217,25.7,89.0,0.004580918207746803,0.0,0.003210343769086882,0.0,1.77
1965,6,69.80428632357122,70.9,79.23324884727998,37.0,92.0,0.011772478887232984,0.0,0.015465657688459035,0.0,4.96
1965,7,74.4619498376287,75.1,64.19801104032526,43.5,99.5,0.009023906264764245,0.0,0.01343560923754628,0.0,5.16
1965,8,73.53022372600469,74.9,69.28523590049953,41.1,98.3,0.009689422504465172,0.0,0.009727372024654072,0.0,3.07
1965,9,66.60048815506103,67.4,135.55008663080923,15.9,92.2,0.011816598360655737,0.0,0.017170908055237667,0.0,5.71
1965,10,58.36793466880715,58.2,106.32428655499398,22.9,89.7,0.005586898739603875,0.0,0.006133163923694679,0.0,3.5
1965,11,49.72599957084614,50.3,169.41728892389176,-6.3,80.8,0.007842142639748402,0.0,0.005686262416187849,0.0,1.85
1965,12,41.26809276566286,41.0,172.55110800025537,-13.0,77.7,0.008307950845499422,0.0,0.005957252215138755,0.0,2.13
1966,1,33.039655651208,34.1,300.58085042644154,-34.4,77.5,0.011975562407217083,0.0,0.008899911234622554,0.0,1.77
1966,2,37.57187837629264,37.8,232.08158003243895,-29.6,78.0,0.011255802283276878,0.0,0.010497682486718262,0.0,3.19
1966,3,47.52897339462321,48.3,172.9114137401843,-2.5,79.1,0.00679624794507301,0.0,0.004917056063290164,0.0,1.85
1966,4,54.49369930475087,54.7,151.67662720645401,12.4,83.3,0.0070007495449191555,0.0,0.005815366351976133,0.0,2.32
1966,5,63.100497268525004,64.2,123.96025260694773,27.7,92.9,0.009163100806050354,0.0,0.008358266488632445,0.0,3.15
1966,6,71.02353536814697,72.6,82.26160590171425,34.7,99.5,0.0079755538579068,0.0,0.008675511578816497,0.0,4.06
1966,7,76.68180666056466,78.0,68.12184191248396,40.9,102.0,0.006830303589554304,0.0,0.007688835449271058,0.0,4.57
1966,8,73.51193006993007,74.2,65.07356771313121,44.1,99.6,0.008250430457241248,0.0,0.009691677066207128,0.0,4.92
1966,9,67.52957462148521,67.8,83.70360000650834,39.5,93.6,0.009180585576734132,0.0,0.010796891626580516,0.0,3.78
1966,10,57.295862547726486,57.1,118.22351384392115,20.0,86.8,0.005572486225895317,0.0,0.006549134134016161,0.0,3.54
1966,11,48.78688011383849,49.2,175.66062051323266,-4.8,84.9,0.008003764612641174,0.0,0.008561723556617907,0.0,4.33
1966,12,38.74858461326537,38.5,226.8634500904942,-14.2,76.9,0.00952112676056338,0.0,0.006793637813444754,0.0,2.28
1967,1,39.112226653830284,39.4,228.827221380988,-23.4,78.0,0.009155089019244621,0.0,0.007689086381314132,0.0,2.87
1967,2,37.79353736330498,38.8,273.0528776509168,-23.1,77.6,0.00847025171624714,0.0,0.0061831156042391686,0.0,2.13
1967,3,47.88819064551422,48.6,260.88903443373385,-10.6,84.2,0.00670013647884578,0.0,0.0045225894140400735,0.0,2.24
1967,4,55.44653641207815,53.9,186.726779781873,5.7,89.9,0.008105759162303664,0.0,0.007055024943265905,0.0,3.82
1967,5,61.20519038212656,60.5,145.75663518343958,19.4,94.8,0.007781399808245446,0.0,0.006711387629836315,0.0,2.83
1967,6,70.53830296207697,71.2,84.61512439258702,36.6,98.9,0.011305563879732295,0.0,0.012190652975034098,0.0,3.15
1967,7,74.2587308114035,74.7,60.4052846065811,42.9,101.9,0.0095830920671685,0.0,0.009121185113187002,0.0,2.52
1967,8,73.39650940823562,73.7,58.17819058305746,46.0,101.2,0.009264746735808871,0.0,0.00957069476653843,0.0,3.66
1967,9,66.90773527540125,67.5,74.07665349744491,37.1,93.5,0.006776273372018052,0.0,0.0063874879852635165,0.0,2.68
1967,10,58.06553168119723,58.5,117.26359902904922,16.4,88.6,0.007092235997538028,0.0,0.00834336442529351,0.0,5.31
1967,11,46.743736730360936,46.6,173.8014474273222,-3.5,81.2,0.006097018696311268,0.0,0.0034988949729180853,0.0,1.42
1967,12,39.47545747378521,39.4,247.82993566287576,-29.7,80.3,0.011528662420382165,0.0,0.010266483309870313,0.0,3.58
1968,1,34.60337456305459,35.5,297.264698527524,-31.5,76.9,0.008526946107784431,0.0,0.005393158708714984,0.0,2.2
1968,2,37.27567548146019,37.9,228.52701804890347,-13.9,76.0,0.0054295641187618445,0.0,0.003799652245803437,0.0,1.61
1968,3,47.80253181603933,48.3,161.05814712482928,0.0,80.7,0.007162688979747076,0.0,0.00631070127797221,0.0,3.19
1968,4,55.832372397465356,56.0,129.6758565510042,16.1,89.5,0.006667318982387475,0.0,0.005521821008370675,0.0,2.72
1968,5,62.12632496981082,61.4,103.54239316215,27.0,92.5,0.009141221374045803,0.0,0.0075964999942489215,0.0,2.76
1968,6,71.24610615770409,72.6,87.76195418559544,37.3,103.3,0.01107142857142857,0.0,0.01575932816573481,0.0,4.33
1968,7,75.06115657761244,76.2,56.91881643821142,43.5,99.1,0.009031404053313858,0.0,0.01401557775924454,0.0,5.31
1968,8,73.72319696044508,75.0,81.28224039620198,42.1,96.8,0.00880674448767834,0.0,0.008904033250162336,0.0,3.43
1968,9,67.82346981848882,68.3,75.22115038827451,32.0,98.1,0.005787634408602151,0.0,0.005693832484411568,0.0,2.87
1968,10,59.129389652108536,59.5,124.14359962061448,27.9,84.9,0.008048629531388152,0.0,0.012784864555111677,0.0,5.2
1968,11,47.01759226589514,46.3,142.48459733578844,2.9,81.6,0.011461719418306244,0.0,0.010385532915790007,0.0,2.52
1968,12,36.868254729914995,37.3,239.96199552789614,-37.1,77.3,0.010681944598954277,0.0,0.008489710689765055,0.0,2.44
1969,1,36.010336571350386,36.8,324.0875643527468,-42.6,76.9,0.009048134777376654,0.0,0.006555129467575986,0.0,2.36
1969,2,38.50815023188626,37.8,190.3974928752388,-17.0,76.0,0.008873551885629776,0.0,0.006610588470878164,0.0,1.89
1969,3,42.10100412654745,42.4,192.3249291794319,-5.2,82.0,0.0075649318340133345,0.0,0.007288307512139568,0.0,2.6
1969,4,56.73914375267132,56.9,115.5342039259038,17.8,84.3,0.007872255088739597,0.0,0.006849323029781707,0.0,3.66
1969,5,64.52488644184446,65.3,97.86715679417921,30.1,95.3,0.008627543776620918,0.0,0.009463375557058042,0.0,3.66
1969,6,70.41083024779265,70.5,103.98724935692576,36.9,97.6,0.00913875113854873,0.0,0.008582264248197276,0.0,2.76
1969,7,76.08841792283225,77.0,74.7858592076665,41.7,101.4,0.010239193083573487,0.0,0.01215291616958608,0.0,3.23
1969,8,75.27247916666667,75.6,60.34405052390819,41.6,104.9,0.00819169784429004,0.0,0.013653121734186134,0.0,5.87
1969,9,68.43313911667386,68.9,82.06510918703296,39.4,99.1,0.008435517970401691,0.0,0.012450988008895596,0.0,4.69
1969,10,56.67018252751846,57.6,171.82815565538786,13.7,87.6,0.005755007704160246,0.0,0.004374658647751074,0.0,2.17
1969,11,46.89167208848406,46.6,152.94155874960876,1.0,81.7,0.006318348714895307,0.0,0.008915681891357944,0.0,5.24
1969,12,39.009012363023324,38.3,188.2736785187095,-8.4,79.2,0.012591199270405837,0.0,0.013298848710589863,0.0,3.23
1970,1,32.67368791828108,34.2,327.06546304336183,-26.6,77.5,0.007027220630372493,0.0,0.005102206303724902,0.0,2.4
1970,2,39.93786551993745,40.8,213.08495361081495,-23.6,76.9,0.00679733393583371,0.0,0.005176263068250005,0.0,1.85
1970,3,44.35207760141093,43.5,189.557859200977,-7.6,85.9,0.010004644681839293,0.0,0.008049425132297373,0.0,2.28
1970,4,55.02566539923954,55.2,177.58192990456058,13.2,86.6,0.006119480519480519,0.0,0.0070219620321490496,0.0,3.15
1970,5,64.8886017699115,66.1,108.88946083864039,29.6,100.3,0.006648225867989317,0.0,0.006273434957264266,0.0,2.28
1970,6,71.65474937892738,72.7,87.28215902742932,36.6,105.8,0.007911848996936456,0.0,0.01039932569374437,0.0,3.78
1970,7,76.1119719308194,76.9,63.242705602954814,44.4,105.4,0.0071613777089783275,0.0,0.0065023623436847025,0.0,3.11
1970,8,75.63876117496807,76.3,61.06301531044516,45.6,102.5,0.007765977096416698,0.0,0.009298740092912457,0.0,3.19
1970,9,68.88794932233354,70.4,126.85004408907051,26.5,99.8,0.007729665309365379,0.0,0.008515087420438251,0.0,3.39
1970,10,57.97503029439019,58.7,135.36162696835854,20.1,86.9,0.007308184772973506,0.0,0.006280627727526116,0.0,2.76
1970,11,47.13954730983303,47.5,152.71021190727188,-13.5,80.0,0.006138540114918068,0.0,0.004008169375414505,0.0,2.24
1970,12,40.188632761849874,40.4,268.3636630105772,-20.1,77.5,0.008769384138236597,0.0,0.007305109987567972,0.0,2.28
1971,1,34.416708839406205,35.0,347.5730071681898,-28.9,80.8,0.008235067931299666,0.0,0.004468426725472895,0.0,1.89
1971,2,38.51873348433371,38.7,277.5674215576549,-20.3,79.5,0.01815266951022209,0.0,0.015220005520601397,0.0,2.38
1971,3,44.00966326272259,43.0,198.38054891597096,4.5,83.2,0.013376749847839318,0.0,0.014562616138205597,0.0,5.43
1971,4,53.7431410144675,53.3,137.6600841277643,13.4,87.0,0.008475926567370973,0.0,0.008063358225252844,0.0,3.39
1971,5,61.59126417471651,60.8,97.97109975421438,29.4,92.6,0.013430390192149005,0.0,0.012455219953478959,0.0,2.99
1971,6,71.82628143764686,73.5,88.52673307274381,35.4,98.0,0.012329690769588468,0.0,0.012876097313914382,0.0,3.11
1971,7,74.27174796747968,74.8,66.88138351164098,36.0,100.9,0.01743879907621247,0.0,0.01544573190478237,0.0,2.68
1971,8,73.90278763743399,74.5,49.72905716346987,44.3,99.4,0.01718608340888486,0.0,0.026472631809026717,0.0,6.06
1971,9,68.27365290723479,70.2,116.88753552759873,30.3,97.6,0.014165297018079361,0.0,0.016781051457297014,0.0,4.88
1971,10,59.88818001551858,60.9,145.04448952234236,2.6,89.1,0.013125718225695242,0.0,0.01342951160375373,0.0,2.52
1971,11,46.68615779232265,46.1,175.66270886284926,-3.5,81.3,0.010591237241722678,0.0,0.00803095874805201,0.0,2.32
1971,12,40.97194881044405,40.5,277.3699569216199,-17.6,79.6,0.02051901113199364,0.0,0.021943816765476652,0.0,5.12
1972,1,35.912027491408935,37.2,370.8457850059407,-35.0,78.0,0.014445819581958196,0.0,0.011438312013879147,0.0,2.73
1972,2,37.57294858539336,38.1,286.85584645637084,-19.2,78.1,0.016147564887722368,0.0,0.011505063244032901,0.0,1.85
1972,3,46.818864759887006,47.6,231.24108930880197,-12.3,80.3,0.013859471755339315,0.0,0.010625850825656194,0.0,2.24
1972,4,53.86218932748538,53.4,178.9011252804279,12.1,85.4,0.011093312992626494,0.0,0.007566229816689535,0.0,2.36
1972,5,63.44650176678446,63.9,92.54388209823901,32.3,92.0,0.016429604628736744,0.0,0.015446322470054652,0.0,3.74
1972,6,69.88255632183909,69.9,81.2710484581802,38.4,102.4,0.02260814410757326,0.0,0.03717167933990695,0.0,5.51
1972,7,74.2562221429845,75.2,71.11736210166876,42.3,106.8,0.013495351300458985,0.0,0.01254839784208759,0.0,3.54
1972,8,73.54674739261092,74.2,64.2223977109563,46.5,107.0,0.01214820790595828,0.0,0.010529893661207117,0.0,2.87
1972,9,67.31025897319401,67.9,114.27253832805562,27.7,98.0,0.013997546012269938,0.0,0.01742880843673091,0.0,7.28
1972,10,55.45117325335215,55.5,160.31814419018315,6.7,89.8,0.013346822185194002,0.0,0.019628173712671428,0.0,6.56
1972,11,44.32671811166591,43.2,164.22313118392384,1.6,82.0,0.02526118866023888,0.0,0.028846553100544407,0.0,3.35
1972,12,36.32513089005236,37.6,333.8953570227139,-28.9,80.7,0.021082812500000003,0.0,0.016742115347612926,0.0,2.83
1973,1,33.41621305922205,34.6,283.121343699173,-26.5,79.0,0.16552632732693234,0.0,0.29710203904070703,0.0,11.81
1973,2,35.98302894555479,36.1,239.0135426838069,-22.2,83.9,0.20464039311063684,0.0,0.3714508125507834,0.0,10.63
1973,3,47.53507722007722,46.6,149.1386888430268,-3.7,82.3,0.26101919228670184,0.0,0.6174442652431339,0.0,13.78
1973,4,52.20469204704006,52.2,152.4153395688911,0.4,91.5,0.25646085898418136,0.0,0.751152856104924,0.0,14.17
1973,5,61.40887334887334,61.0,115.0246790212178,24.3,99.2,0.2043961906441515,0.0,0.7310929081054214,0.0,14.17
1973,6,71.11191684795746,72.3,88.75684198849267,7.4,109.4,0.11244110275689223,0.0,0.13534903072025675,0.0,18.03
1973,7,74.55540151102112,75.4,69.53649280719755,17.7,109.9,0.10087472623740691,0.0,0.10731339225183051,0.0,8.03
1973,8,73.83025643012085,75.2,69.57887494489387,13.8,107.5,0.08326001469253706,0.0,0.09922267348710426,0.0,14.61
1973,9,66.61263400623002,66.9,119.5841315802193,9.5,109.2,0.1161253755804425,0.0,0.14851830324223383,0.0,7.76
1973,10,58.45531964901284,58.6,123.9904946758981,8.7,88.8,0.08028291243599757,0.0,0.08897138448300856,0.0,7.2
1973,11,46.657342342342346,46.0,211.91829614308733,-7.5,89.4,0.09615918600228224,0.0,0.12746507246660932,0.0,18.23
1973,12,37.17615561184106,37.1,245.836085160727,-25.3,78.7,0.1087354718735472,0.0,0.10984543236947156,0.0,18.03
1974,1,34.92509300231037,36.3,416.5554503604363,-35.3,89.2,0.1042243034418169,0.0,0.14457333640472664,0.0,18.15
1974,2,36.75419794333319,37.6,280.1828478412317,-24.0,79.5,0.06860707803992741,0.0,0.05342190136456967,0.0,8.11
1974,3,46.25957028948505,46.0,262.69643395785124,-23.8,91.0,0.08974141834978716,0.0,0.08439895944471583,0.0,17.09
1974,4,54.24043374081143,54.4,162.63148664477572,1.9,87.9,0.0842831615120275,0.0,0.1129406346252686,0.0,18.07
1974,5,62.1070177505498,61.9,147.94521210886143,10.8,99.9,0.105573479879454,0.0,0.10844698307717715,0.0,8.54
1974,6,69.98464718402096,70.0,93.55425857143486,12.0,109.2,0.0978110882956879,0.0,0.11202587833830109,0.0,12.44
1974,7,75.12089687156107,76.2,74.08927167131961,7.0,106.2,0.08403473379528112,0.0,0.11010202203810548,0.0,13.11
1974,8,72.26453313547077,72.7,63.67682687626486,34.5,99.7,0.11630162923822104,0.0,0.13127914368046645,0.0,11.02
1974,9,64.5661689936244,64.5,112.22955635705753,19.8,103.8,0.0989025476572243,0.0,0.11853529725955428,0.0,10.12
1974,10,55.73682908634026,55.9,124.31864277984164,3.3,89.4,0.06234905701091882,0.0,0.08713607426961169,0.0,18.07
1974,11,45.66837244939108,44.8,163.52498223623974,-6.5,88.7,0.07687132352941177,0.0,0.07164353139877229,0.0,10.47
1974,12,37.52017201246696,36.2,174.1587081215988,-14.3,88.7,0.08495375749407445,0.0,0.07723687855496869,0.0,18.03
1975,1,35.8789208349744,35.5,282.75258570368806,-26.4,80.2,0.08906586770717206,0.0,0.06341749963300015,0.0,10.16
1975,2,36.1706020023404,35.6,294.00679912179857,-21.8,80.8,0.08932676690941478,0.0,0.06396840872654216,0.0,5.04
1975,3,41.53079177739565,40.8,240.98844839796106,-13.7,91.8,0.10405109316711525,0.0,0.08815358692468801,0.0,7.2
1975,4,49.85687225028516,49.0,202.23392800144046,-1.1,89.8,0.08058481742170155,0.0,0.07527786092027142,0.0,11.18
1975,5,63.6329403301227,63.9,116.01226421182767,21.0,109.3,0.0906733410942957,0.0,0.08838630266777367,0.0,10.55
1975,6,69.9125199264255,71.0,93.08660542619833,27.0,108.4,0.10130135686497771,0.0,0.09277106816820203,0.0,7.17
1975,7,74.92468234551338,75.8,56.14415497387175,39.0,107.1,0.10531584276092794,0.0,0.1424476518237443,0.0,10.51
1975,8,73.2744116489571,74.4,74.68695747389337,3.9,109.1,0.10406194924215721,0.0,0.14337228591757473,0.0,12.68
1975,9,65.0052343416301,64.0,104.92058381526567,10.2,110.0,0.09555694943115456,0.0,0.10799203816733277,0.0,13.35
1975,10,57.7277261351448,57.8,130.09567622661513,1.4,89.7,0.06951971127151582,0.0,0.07404770886857966,0.0,6.02
1975,11,47.570885187783894,48.5,222.75032889733518,-15.8,89.8,0.06540195215952412,0.0,0.05095672887595428,0.0,6.06
1975,12,37.34154510111638,37.2,235.3359440814021,-32.0,88.8,0.06738231820482538,0.0,0.053739990157665896,0.0,5.63
1976,1,32.67710911936264,33.4,298.65586083689124,-29.3,87.7,0.062073555309825126,0.0,0.048766395637887414,0.0,5.71
1976,2,41.89263915183643,42.4,256.76415801624967,-21.1,87.8,0.056953378956372966,0.0,0.04203042427747388,0.0,5.67
1976,3,45.50437195403934,45.6,252.91093748441315,-14.7,89.7,0.07331705927824565,0.0,0.057296714954717956,0.0,10.08
1976,4,54.5263917980377,53.8,145.82784306227668,-7.4,90.0,0.06200852618757612,0.0,0.05066081197813581,0.0,8.15
1976,5,61.054137967952606,61.1,101.87181273028617,1.3,109.7,0.09130007588768622,0.0,0.10119308126417341,0.0,10.35
1976,6,70.01166685109365,71.3,91.82806417465882,0.5,104.6,0.08213181448331977,0.0,0.08269139887387861,0.0,8.07
1976,7,73.68476276060389,74.3,69.15626841130964,1.3,109.8,0.08294986195030211,0.0,0.08867567571736783,0.0,11.1
1976,8,71.98587439957304,72.6,74.06996271479593,1.6,107.4,0.06959365203761755,0.0,0.06796369317652066,0.0,12.01
1976,9,65.95401416546149,66.3,95.12191437241721,2.1,108.3,0.07872495817862826,0.0,0.08210413150575717,0.0,11.69
1976,10,53.14487471526196,53.2,153.6966522993527,1.5,89.0,0.08059747422268404,0.0,0.07974062458576259,0.0,7.01
1976,11,42.045039638438176,41.8,201.47998965685917,-14.8,90.0,0.0437473120460908,0.0,0.030555948156269545,0.0,3.98
1976,12,33.79784662154826,34.2,268.2522867127772,-26.9,81.0,0.05343772849134779,0.0,0.034688977740495494,0.0,5.24
1977,1,26.46835124546206,26.6,307.4109519508125,-30.1,75.5,0.05485024512833189,0.0,0.03686827128547478,0.0,6.18
1977,2,37.52674870217266,37.6,238.1143475466381,-18.8,79.2,0.0420526544821584,0.0,0.03280720989982484,0.0,9.45
1977,3,46.360086475268076,45.9,181.6647436363697,-0.2,83.8,0.07954728803602898,0.0,0.08002086498980565,0.0,7.24
1977,4,55.825653317954085,56.9,162.0870677144268,-5.9,89.6,0.05931425400348819,0.0,0.05706308069109579,0.0,7.05
1977,5,63.676640365448506,65.2,125.61162527242291,6.5,94.1,0.06234740706746214,0.0,0.06860258217593608,0.0,11.02
1977,6,70.32779985805536,70.9,113.4476078495048,5.4,104.3,0.06948579321231255,0.0,0.06540840600992776,0.0,10.71
1977,7,75.68159255429163,77.0,87.0408208948868,7.2,103.6,0.06331218940648863,0.0,0.05946030168535216,0.0,11.5
1977,8,73.30292699213533,74.2,90.70635871119707,5.1,104.5,0.09450585499543226,0.0,0.11245194010524623,0.0,19.29
1977,9,68.02995788595061,68.1,109.7734149815317,6.3,101.2,0.08744698032215564,0.0,0.09178234189510164,0.0,5.67
1977,10,56.53466261041674,55.3,108.48626308809213,10.5,89.8,0.060439892139896166,0.0,0.06175214086689679,0.0,7.72
1977,11,47.58858835750837,48.4,220.9002899310059,-14.4,81.6,0.07837681919496525,0.0,0.09729751377031927,0.0,14.02
1977,12,37.51601034355375,37.7,275.66702579028333,-30.5,82.9,0.07932994574110758,0.0,0.06623230584194191,0.0,5.05
1978,1,30.560460343058203,30.3,280.1036661883993,-23.3,78.3,0.09615377913308648,0.0,0.09505398262436397,0.0,8.94
1978,2,31.7715666143254,31.2,253.81784266158064,-18.5,82.5,0.04909770595337606,0.0,0.03174647138934079,0.0,5.47
1978,3,43.85060677413512,43.8,234.7139313989459,-15.5,83.9,0.06310083181172652,0.0,0.05216030816559595,0.0,5.28
1978,4,53.89066347341242,52.9,143.0361447697265,4.8,93.0,0.06410570131180626,0.0,0.06302948233052598,0.0,17.13
1978,5,62.298792121585834,62.3,142.2329363674431,4.0,98.6,0.09160912130856935,0.0,0.12073201175241531,0.0,13.27
1978,6,70.93238490566037,71.4,103.36144938578757,11.2,104.2,0.06832447137380981,0.0,0.07747797154828254,0.0,7.72
1978,7,74.78860736353333,75.4,87.97028263453309,6.2,107.3,0.07571764612072403,0.0,0.10150259289381762,0.0,12.13
1978,8,73.6874587458746,74.4,83.04250507503339,12.5,103.1,0.0718260103336404,0.0,0.08351419739601407,0.0,10.28
1978,9,67.94212136087302,68.9,120.11710534030512,9.7,100.5,0.06205615979488027,0.0,0.09652588783023217,0.0,15.35
1978,10,57.030232643475706,56.6,123.62585891618819,2.7,89.9,0.032108552114447415,0.0,0.02352244531616012,0.0,5.12
1978,11,46.07766594227763,47.2,236.38765047693167,-13.6,82.6,0.06357863395991646,0.0,0.050035548511563784,0.0,5.28
1978,12,35.458665331521345,35.4,281.6252746822438,-33.8,81.8,0.06256528025856936,0.0,0.05570686268425138,0.0,5.39
1979,1,28.234068985676704,29.2,336.7444350523542,-32.0,77.1,0.09767884052832196,0.0,0.0885872763121529,0.0,5.83
1979,2,31.237469527059968,32.7,346.02174578855636,-30.6,85.6,0.07613401573310587,0.0,0.06551073470468262,0.0,5.39
1979,3,45.58713762811128,45.7,183.5314425916947,-12.2,84.4,0.06201707373095475,0.0,0.05745208148176304,0.0,10.91
1979,4,53.01898520243371,53.2,163.50711560488975,3.3,89.9,0.07640928005024732,0.0,0.10231268624999709,0.0,16.22
1979,5,61.86493059370765,62.0,112.77480298305919,17.4,97.7,0.07812244279436278,0.0,0.08983559569103584,0.0,10.59
1979,6,69.89360081836782,70.1,86.07462543773809,27.7,104.8,0.06203582873248137,0.0,0.06739811392860719,0.0,5.47
1979,7,74.58450226661262,75.1,63.982691036529936,29.9,106.9,0.07995277892290972,0.0,0.13003656924148949,0.0,19.53
1979,8,72.79188652169114,73.2,70.61083018023383,34.6,101.8,0.07232723155312323,0.0,0.06577521336538199,0.0,6.69
1979,9,68.35273073989322,68.4,81.18144912006667,20.7,100.3,0.079405894458898,0.0,0.16920376321004982,0.0,11.14
1979,10,57.551199970462264,58.0,140.78596724886202,12.6,89.7,0.05055449110974862,0.0,0.04857147639446772,0.0,12.01
1979,11,45.38658280922432,45.4,177.3384968365429,-16.8,89.9,0.05977758837615162,0.0,0.06354458889456543,0.0,11.5
1979,12,39.62396733909702,39.1,172.410047751233,-23.1,88.5,0.04383542645812467,0.0,0.041802101357700384,0.0,8.11
1980,1,35.039285183533956,35.0,267.6769927492806,-25.0,89.1,0.05691069960458835,0.0,0.04418230065405208,0.0,5.71
1980,2,35.32910065421297,34.1,257.4173173088276,-18.8,90.0,0.045558179031523136,0.0,0.036761251182168324,0.0,10.2
1980,3,42.67190497270179,42.2,214.48826143900885,-17.1,89.6,0.0831276150627615,0.0,0.09063759666948168,0.0,11.1
1980,4,54.2722921153047,54.1,129.5894868912402,8.2,89.3,0.06197097562899283,0.0,0.0679279524643322,0.0,8.98
1980,5,62.98706493126645,63.0,103.7887720219618,23.2,99.9,0.065561352802072,0.0,0.07754783896279467,0.0,13.43
1980,6,70.40043937729631,70.5,115.13771495845452,21.2,105.3,0.05670431609998448,0.0,0.0642409293746868,0.0,11.02
1980,7,77.06681505463375,77.4,85.58020703382131,35.6,109.3,0.04936042588288221,0.0,0.04957393952182232,0.0,9.72
1980,8,74.88522200378353,75.3,83.8407074874362,16.9,106.2,0.0581879397745328,0.0,0.06757243605777614,0.0,9.41
1980,9,68.62275325863251,68.4,114.41951276078025,17.6,101.3,0.06226241521789974,0.0,0.0762801968354869,0.0,15.39
1980,10,55.778801724455576,55.8,153.23126518653254,9.5,90.0,0.047580999242997725,0.0,0.05189359558127192,0.0,7.09
1980,11,46.083001965527664,44.9,161.68701137720277,0.1,89.3,0.045459799488893254,0.0,0.06203240141719685,0.0,18.82
1980,12,37.850067104085895,38.5,254.41457107255732,-23.6,89.5,0.036010613391602934,0.0,0.032504543064469746,0.0,6.54
1981,1,34.13074159134687,34.4,230.81579320441796,-31.1,89.9,0.023212777393841665,0.0,0.014473163938862853,0.0,5.0
1981,2,40.218150108744716,41.4,259.6926117123647,-22.8,90.0,0.062339419978517725,0.0,0.07229512411197779,0.0,7.72
1981,3,45.78843930635838,44.9,142.1571094624658,-6.1,89.3,0.04791650693858775,0.0,0.03900861269511629,0.0,7.28
1981,4,57.536861659779355,57.4,137.68856041129123,2.8,89.6,0.0504490100565682,0.0,0.03933531989059317,0.0,11.46
1981,5,61.7848395426042,61.5,102.75574344505549,14.4,95.1,0.07552083333333333,0.0,0.09510261140731313,0.0,12.01
1981,6,72.36968603669303,72.8,96.74378835572683,27.6,107.7,0.07906929990539262,0.0,0.09981359743646326,0.0,14.02
1981,7,75.65509167631353,76.0,73.29604874336901,37.1,107.6,0.07151383654980778,0.0,0.08768960391017973,0.0,11.14
1981,8,73.89822528600763,73.5,61.70097371214261,37.1,109.4,0.06585522388059702,0.0,0.09245765880326291,0.0,13.39
1981,9,67.19986195260373,67.5,95.16518539337436,15.7,108.9,0.05293872904973113,0.0,0.06336823195776627,0.0,10.79
1981,10,55.56809924179866,54.7,134.17083959106543,17.1,89.8,0.06662109299353189,0.0,0.07058542195959269,0.0,6.89
1981,11,48.183252352306035,47.9,145.49983943914987,-1.2,89.9,0.04180860403863038,0.0,0.0343056165568492,0.0,5.04
1981,12,37.71986883291102,36.7,206.73264042997238,-20.1,86.7,0.054102007810342786,0.0,0.04439046675375929,0.0,6.26
1982,1,30.2450697763334,30.9,381.6474065820756,-31.7,89.7,0.06765109059387978,0.0,0.06609428080549931,0.0,5.75
1982,2,36.90621254081759,37.2,322.6681198848841,-29.9,89.7,0.06012519359834796,0.0,0.06842065721665211,0.0,9.07
1982,3,45.49766203789881,44.6,220.381895501711,-14.8,88.9,0.057107402982773905,0.0,0.051262828798669904,0.0,11.87
1982,4,52.22165260736196,53.0,185.30926963352178,-10.7,89.9,0.06305471304210816,0.0,0.07988649677001432,0.0,19.02
1982,5,63.69318432874291,64.1,103.7394626954104,24.4,96.8,0.06901510324925983,0.0,0.07775569735827122,0.0,11.9
1982,6,68.38019844357977,67.9,100.50519759476734,34.2,102.3,0.08675779700023807,0.0,0.11217527001281226,0.0,10.93
1982,7,75.05904813121806,76.1,73.20132418610571,14.0,106.1,0.07510488695517054,0.0,0.10889496394099761,0.0,12.01
1982,8,73.35368440779611,73.8,80.06170462996054,25.2,105.2,0.06015577507598784,0.0,0.07504198340826736,0.0,9.56
1982,9,66.76731581777676,66.8,109.06717393421141,29.4,104.2,0.05818499195857686,0.0,0.07202354933225792,0.0,13.39
1982,10,57.24696818164981,56.7,132.3080724679833,13.2,89.5,0.0464911817907748,0.0,0.04047917067784173,0.0,5.71
1982,11,46.6464476055366,46.4,201.19690695439473,-6.9,88.7,0.06842299598999484,0.0,0.06919525773845503,0.0,10.08
1982,12,41.309285582425694,40.7,239.00744257406654,-15.1,88.9,0.07528555001916443,0.0,0.09413637635219294,0.0,11.81
1983,1,37.05292899408284,36.4,177.39121151017665,-15.0,78.9,0.050586638112356114,0.0,0.04799967878886918,0.0,8.94
1983,2,40.30101202283124,40.1,175.6794548902688,-12.3,76.1,0.07077310289861152,0.0,0.07809338248651634,0.0,11.1
1983,3,46.015389358383814,45.8,150.4343547441138,-4.8,83.3,0.08688088307564361,0.0,0.074260968609654,0.0,5.59
1983,4,51.01937722684086,50.9,138.16072275358607,2.9,83.5,0.08247544505831798,0.0,0.10149498078827632,0.0,10.93
1983,5,60.95322868993134,60.8,122.94459071224267,17.4,105.0,0.07575451978437053,0.0,0.07890833947320802,0.0,9.02
1983,6,69.82099389581695,70.9,88.06080034536735,22.2,100.6,0.06968919585594475,0.0,0.07579632464949021,0.0,11.1
1983,7,76.08621581266615,77.4,80.76965156548542,25.2,108.4,0.050097462302317035,0.0,0.06047061097226446,0.0,10.04
1983,8,76.49508904283486,77.4,67.61076224361264,24.8,107.4,0.05606923444800059,0.0,0.06533501205580057,0.0,10.93
1983,9,68.40839276330605,69.2,126.51223615397817,9.0,102.9,0.0571010516689529,0.0,0.06531587272838343,0.0,10.83
1983,10,58.30701061897443,58.0,124.20020550420182,7.6,87.1,0.0586445332001997,0.0,0.0655611561180753,0.0,7.85
1983,11,47.74560688891271,47.9,177.8137764370403,-12.0,89.6,0.08496757119427464,0.0,0.07870069973485477,0.0,5.04
1983,12,31.995911818054974,33.1,411.3020951220921,-39.5,90.0,0.07689156270761055,0.0,0.0788866721076007,0.0,8.86
1984,1,33.25833943323225,33.9,292.40854319891923,-28.2,90.0,0.033747609252643355,0.0,0.024757997501952875,0.0,5.12
1984,2,41.50152946468736,41.5,194.3487541742387,-18.6,89.6,0.05290047466522595,0.0,0.04563186169821566,0.0,4.46
1984,3,43.609219341178104,42.5,240.6698303021032,-22.9,88.9,0.06141518878718536,0.0,0.058868909315543866,0.0,6.85
1984,4,53.40166075692887,51.9,138.83736924308923,7.5,89.7,0.06491778330425746,0.0,0.06001968607609538,0.0,6.5
1984,5,62.74642869342442,62.6,136.77441532144232,1.8,109.6,0.0718247816785326,0.0,0.08537399539174041,0.0,14.72
1984,6,71.05434204075915,72.5,102.95007306744208,7.0,108.5,0.05881413462912677,0.0,0.06682046454169213,0.0,10.0
1984,7,74.72910226331769,75.3,68.84589180695185,19.8,108.8,0.07181443010527051,0.0,0.10758352222181554,0.0,12.13
1984,8,74.94955928935408,75.6,61.627804440275355,6.7,108.8,0.05735692639938696,0.0,0.08622917108733426,0.0,12.05
1984,9,66.26664076298128,67.4,142.8243383919088,7.6,109.8,0.048427446892635055,0.0,0.06314742274628127,0.0,9.79
1984,10,58.06130119497498,59.1,158.3663421308829,-3.2,88.0,0.06910888331940963,0.0,0.0786187067014652,0.0,10.0
1984,11,46.17365984930032,45.4,160.75637352238576,-7.6,82.4,0.05937002676836199,0.0,0.059590354861015056,0.0,9.04
1984,12,40.42192275042445,40.4,300.74038740332395,-23.7,79.0,0.050314495238790176,0.0,0.03366442969392309,0.0,5.08
1985,1,31.07174575380844,30.7,271.92475115479965,-31.6,82.7,0.033902201371346086,0.0,0.020792628927991646,0.0,4.5
1985,2,36.2858106305963,36.8,320.89996631148995,-27.7,87.9,0.05200534549170663,0.0,0.04940984581081764,0.0,5.79
1985,3,47.45843178645603,46.9,183.87570988655446,-8.5,89.6,0.049978382147838216,0.0,0.04257291351152197,0.0,5.2
1985,4,57.47748393214624,58.4,159.25230313813358,-0.1,89.9,0.041457072244707904,0.0,0.04356135562365091,0.0,11.61
1985,5,64.61950978128196,65.0,102.53606564777519,14.4,95.8,0.05598470297708876,0.0,0.053623983165066905,0.0,9.8
1985,6,70.02802843861089,70.3,112.2699298130349,13.8,107.1,0.061795648193789174,0.0,0.06986515340805347,0.0,10.71
1985,7,75.10031880286272,76.0,76.07680460898904,14.4,109.6,0.06192778618919097,0.0,0.07600743851627395,0.0,10.56
1985,8,72.75333885034057,72.8,84.10247619933767,12.7,107.7,0.06708970916502216,0.0,0.08273915853239967,0.0,9.04
1985,9,66.03390636790131,66.4,137.5437207273224,12.2,97.8,0.06092173155531729,0.0,0.08129198000217437,0.0,7.83
1985,10,58.16042739935127,57.4,138.55764400876853,7.9,90.0,0.06496616651956458,0.0,0.08836299901871032,0.0,9.45
1985,11,45.74643538472409,47.4,337.04951935453886,-21.6,83.3,0.07710464229973503,0.0,0.07847825543797605,0.0,8.9
1985,12,34.03776557156182,34.3,302.69117303520983,-26.0,81.2,0.03345687260452196,0.0,0.02484842305556811,0.0,3.75
1986,1,38.4524046377607,39.0,245.36455735428797,-30.3,79.1,0.03348485375439084,0.0,0.028546842572822997,0.0,9.45
1986,2,39.66062989191204,39.2,325.0073965990096,-22.0,88.1,0.05745365741096839,0.0,0.053091808263419735,0.0,9.04
1986,3,49.064259642892374,49.8,200.5956370866786,-18.5,88.2,0.041740486169321044,0.0,0.04269915341211619,0.0,9.04
1986,4,55.75883042840854,55.5,142.98328611495307,7.9,88.3,0.03887587038028923,0.0,0.02791588670373851,0.0,9.04
1986,5,63.628913824342796,64.6,125.38950092139895,6.9,99.2,0.052807278849889915,0.0,0.058662157462802234,0.0,12.01
1986,6,71.4753038548014,72.6,100.50503821661798,5.2,106.0,0.06473170731707317,0.0,0.08392899070331368,0.0,12.72
1986,7,74.87133502860776,76.1,99.7492180275536,0.1,105.0,0.056403033236527914,0.0,0.059792937691273654,0.0,9.79
1986,8,72.76548872419608,73.1,84.89123720547529,10.3,105.7,0.06188918988648091,0.0,0.06790241336654455,0.0,8.51
1986,9,66.45021335258977,66.6,124.27763346834735,12.7,104.6,0.0654752711278246,0.0,0.07709625436630128,0.0,11.02
1986,10,57.41765352650131,56.8,129.57418320095374,7.2,89.7,0.05605860175937562,0.0,0.07319277918304291,0.0,10.35
1986,11,46.33404384077461,45.4,231.78812652411605,-14.3,82.3,0.05940411813643927,0.0,0.05925604939129768,0.0,6.94
1986,12,39.141548484748775,37.3,178.7820140417365,-8.8,80.9,0.04831067301155676,0.0,0.05281098067400926,0.0,12.02
1987,1,35.72884583758182,35.3,216.52428071181035,-27.7,79.9,0.05078052285792499,0.0,0.045948947619122285,0.0,5.35
1987,2,40.404588176208925,39.0,180.78656728869115,-27.7,81.0,0.049173860338684205,0.0,0.04473865697300005,0.0,7.22
1987,3,46.335762695532075,46.8,168.38333553304597,-9.3,88.4,0.053678725719750686,0.0,0.048516355720136135,0.0,5.86
1987,4,56.1821234814445,55.9,137.08155866468832,6.2,90.0,0.03346221859484459,0.0,0.03076848194269191,0.0,5.71
1987,5,65.21453127023177,66.3,113.83064604295045,15.8,107.3,0.057224161781173837,0.0,0.05338205765142525,0.0,5.2
1987,6,72.247307185234,73.6,84.47468308108452,17.7,109.8,0.06341441411340172,0.0,0.06519280877511868,0.0,4.61
1987,7,75.20899955479234,76.9,81.05333926303042,18.5,106.7,0.05352216035276321,0.0,0.05337029322752036,0.0,10.0
1987,8,73.87399407435726,74.3,94.90800373910038,21.9,104.5,0.058421460892049124,0.0,0.08454801719997225,0.0,17.09
1987,9,68.00617227535334,67.8,84.4243120127539,16.4,109.5,0.053519712785054185,0.0,0.06091430247698949,0.0,10.75
1987,10,55.95270703162168,55.4,123.74445925700425,14.9,89.9,0.026378021269738962,0.0,0.022009585413983936,0.0,5.08
1987,11,48.55729665857021,48.3,170.65004966199902,-6.1,89.8,0.05306882235798427,0.0,0.06188107009624045,0.0,8.82
1987,12,39.76113051558946,38.8,206.49184552058622,-49.6,89.6,0.05417767106842737,0.0,0.05327002438952069,0.0,9.84
1988,1,32.843434086059176,33.6,302.15514011138083,-37.1,109.1,0.03979987512733726,0.0,0.029809421006885422,0.0,4.41
1988,2,37.53877641445126,38.1,294.0340623086449,-21.8,89.6,0.03923179551997753,0.0,0.038790477570520086,0.0,10.51
1988,3,46.3577101111566,46.0,202.54234993951604,-21.5,89.9,0.04145350896969306,0.0,0.03614573251546633,0.0,5.55
1988,4,54.751287332646754,54.1,129.80671779172442,4.1,88.6,0.04668157453385511,0.0,0.03938837272054098,0.0,7.58
1988,5,63.84503831001644,64.5,115.4423687454292,7.9,104.8,0.04160976071124562,0.0,0.033585655010343926,0.0,4.33
1988,6,72.14164583733898,73.7,112.20546313314549,8.7,105.5,0.03546951318130357,0.0,0.035948918289971286,0.0,6.9
1988,7,76.18522263392578,77.3,77.5275812771721,26.7,107.9,0.05864019062748213,0.0,0.06277896677126692,0.0,4.8
1988,8,75.31761535345983,76.8,83.99477381228682,15.0,105.1,0.05644272641211739,0.0,0.064442755800071,0.0,7.24
1988,9,67.33563541263077,67.3,105.29309093006583,6.7,108.9,0.059398520845605075,0.0,0.07725909430942615,0.0,6.84
1988,10,56.34832059155283,56.1,140.0947924168473,9.1,89.9,0.03249920071615832,0.0,0.02731655010007409,0.0,4.36
1988,11,48.544600239629546,47.8,185.24418206249896,-2.5,87.6,0.06325480720829559,0.0,0.06987468340992257,0.0,7.48
1988,12,38.35838672010603,38.4,246.6673303266145,-16.3,88.6,0.031112958435207824,0.0,0.02140660505962772,0.0,4.13
1989,1,39.14548246576201,39.1,249.95578291642906,-29.5,89.6,0.03752699609966799,0.0,0.024901781675609677,0.0,4.92
1989,2,34.5240719716517,34.1,388.4654113686597,-37.9,89.4,0.042371544336476746,0.0,0.037845795541364954,0.0,5.98
1989,3,45.986648994230464,46.2,293.1217288683394,-15.6,89.0,0.0546176111146845,0.0,0.04443002616010553,0.0,5.47
1989,4,55.59528317284152,55.0,183.77997611864225,3.4,90.0,0.04023650111588555,0.0,0.03106338177355353,0.0,5.08
1989,5,63.298892757441735,63.0,135.95629394336112,7.2,109.0,0.06536512715392992,0.0,0.07305984393678737,0.0,7.76
1989,6,70.36307029944737,70.9,98.28818022048614,5.3,109.3,0.08846442075143919,0.0,0.111354884047128,0.0,13.58
1989,7,75.34376019064342,76.1,75.32900593515255,24.3,109.3,0.062299126491965055,0.0,0.0689125680071055,0.0,8.4
1989,8,73.06055125695286,73.3,79.02509415228988,21.5,106.0,0.05950564409030544,0.0,0.06900578834093146,0.0,10.39
1989,9,66.90218879132232,66.7,113.3227929491516,17.9,102.6,0.06656950904392765,0.0,0.08457093185003862,0.0,5.83
1989,10,57.75745032081231,57.9,143.8320474344578,14.6,94.1,0.04488107549120993,0.0,0.05931789434995047,0.0,8.63
1989,11,47.295510296301075,47.2,216.20429700404082,-7.7,83.6,0.04332176622640842,0.0,0.04964940103081794,0.0,10.0
1989,12,31.8006270783848,32.1,331.0150645335983,-34.6,92.4,0.03110105367371473,0.0,0.02619723889496845,0.0,5.63
1990,1,41.28513576560604,40.3,185.67231372884544,-17.3,80.2,0.05802048255511196,0.0,0.056072772112042896,0.0,5.63
1990,2,41.40720076625731,41.3,265.30821682535156,-17.8,81.9,0.06372537748141335,0.0,0.06354603748342619,0.0,7.44
1990,3,48.17192428044738,48.0,203.69716438787194,-18.8,85.4,0.05658415335898396,0.0,0.07755805374097512,0.0,10.63
1990,4,55.60241989909053,55.7,163.34142909697954,5.2,89.3,0.0526432153704881,0.0,0.04201907893058534,0.0,4.27
1990,5,61.82159161202524,61.0,126.26506501177417,20.8,94.5,0.08081155386599688,0.0,0.08766923375808919,0.0,6.3
1990,6,72.06336787063039,72.8,118.81395468677837,26.2,109.8,0.05246537970093587,0.0,0.04951503303436786,0.0,7.05
1990,7,74.89032349335093,75.5,78.53935744376493,36.1,107.8,0.0631060961706123,0.0,0.07549797734186367,0.0,10.63
1990,8,74.18947713438426,74.3,72.49465576393824,41.7,104.9,0.06043671895772401,0.0,0.0679381813245884,0.0,5.81
1990,9,69.30438281780276,69.6,104.47176629678363,20.9,104.3,0.04392004118050789,0.0,0.04482414337128769,0.0,10.28
1990,10,58.427484505901774,57.8,150.67533246927803,7.7,95.4,0.06270782660846966,0.0,0.08824129131452506,0.0,12.17
1990,11,49.66067320813568,49.7,177.8731448435875,-2.1,86.0,0.04277735111359352,0.0,0.042107175211918105,0.0,5.63
1990,12,37.88380982567353,39.2,359.6975127598002,-35.5,82.9,0.05766380558793402,0.0,0.055675290854877206,0.0,7.28
1991,1,35.149096122677975,35.2,296.3947736741451,-23.7,81.8,0.06212339743589744,0.0,0.07384776082382587,0.0,8.11
1991,2,43.187997645918436,43.3,212.34475779068094,-19.0,89.6,0.03606443366790722,0.0,0.03694188291581563,0.0,6.1
1991,3,47.36526908635795,46.4,190.1971516219479,-7.9,89.3,0.07311643715617226,0.0,0.08128072829488206,0.0,10.16
1991,4,56.19022895840052,55.9,151.57275369648767,8.2,94.0,0.0726414628990205,0.0,0.08736771324218588,0.0,10.42
1991,5,65.00688415987001,66.6,143.36332979436114,22.0,99.8,0.07626925675675676,0.0,0.08071702131908626,0.0,7.8
1991,6,71.17899466076312,72.4,97.24378796533081,21.2,100.5,0.06128428070657777,0.0,0.06617703221741046,0.0,6.5
1991,7,75.2529625498008,76.3,80.06912227102085,21.2,107.3,0.06469190794357832,0.0,0.06984592302903893,0.0,5.34
1991,8,74.41273154021822,75.1,65.34433626922196,21.2,109.4,0.062624710657855,0.0,0.07352559187594407,0.0,5.9
1991,9,67.19841119046059,67.5,121.77111131671546,19.0,101.9,0.055470512687007534,0.0,0.05609197608999363,0.0,6.97
1991,10,58.163960749330954,59.0,181.6553150157579,-7.5,90.0,0.04517778380945918,0.0,0.05550830653183751,0.0,7.17
1991,11,44.654859078501666,44.4,220.91322566503925,-13.0,82.9,0.046526369168357,0.0,0.03926989092633203,0.0,5.39
1991,12,40.27482422756886,39.6,231.89792187686072,-16.6,88.9,0.05761496875658218,0.0,0.07240210500183701,0.0,18.97
1992,1,37.61803393055335,37.8,212.5212942888208,-26.4,89.1,0.04909008883953359,0.0,0.044744270072162834,0.0,5.94
1992,2,42.57318570709613,42.0,203.97749060586122,-13.8,87.3,0.056948426736175756,0.0,0.07029454172827264,0.0,17.95
1992,3,46.971552826012406,47.3,186.68965182546916,-17.8,88.2,0.05637530729308932,0.0,0.04940519010558382,0.0,10.43
1992,4,54.81336930838496,55.2,163.72445548011018,-0.8,90.0,0.04487833540716162,0.0,0.03554928179947553,0.0,5.6
1992,5,63.21059385073147,63.9,103.74007187867834,16.6,109.4,0.0445739249950913,0.0,0.03663429009730778,0.0,4.02
1992,6,69.41239463003434,69.6,95.81783693939553,5.5,108.2,0.07076334867092589,0.0,0.08115543555282231,0.0,6.85
1992,7,72.57672830894357,73.1,103.95561015774923,1.7,108.4,0.08224425084876048,0.0,0.12101374220374138,0.0,13.82
1992,8,71.20273818676445,71.5,93.70830015802466,1.1,108.4,0.07384482650436092,0.0,0.13425054172847983,0.0,13.9
1992,9,66.55148269184217,66.9,121.6087398961504,1.8,98.9,0.06506263817243921,0.0,0.12801262904653457,0.0,19.02
1992,10,56.90559976334862,57.3,143.85534640766923,4.3,89.8,0.04221814106953869,0.0,0.03996380187602761,0.0,7.76
1992,11,45.168056389670326,44.2,203.7107269499097,-11.8,85.6,0.08351492381548736,0.0,0.07776963827092277,0.0,7.92
1992,12,37.27510947787475,37.0,255.3651855510384,-30.8,78.7,0.06141282599111473,0.0,0.04860846983887945,0.0,5.43
1993,1,35.19709625858394,35.1,304.1299436149232,-31.5,79.5,0.07415647678695696,0.0,0.06359578980370532,0.0,7.46
1993,2,34.62084465542642,34.3,311.57105022943773,-23.0,78.8,0.05616163800872355,0.0,0.039876203720806136,0.0,5.56
1993,3,44.101350036845986,43.9,226.71867934702095,-18.4,81.9,0.07050785035859662,0.0,0.05849550662592879,0.0,5.08
1993,4,52.646520826360785,52.4,138.6413402804261,0.0,89.7,0.07262253362858181,0.0,0.054761885310568886,0.0,7.01
1993,5,62.916138709962055,63.5,102.82514485233965,3.9,99.4,0.06875591488828305,0.0,0.05206280193735729,0.0,7.65
1993,6,69.27425005276011,70.5,124.03783939248828,2.4,108.9,0.08938835856394432,0.0,0.08180007908406653,0.0,7.01
1993,7,73.83318573480133,74.8,110.18885229880513,1.4,104.8,0.080160424429988,0.0,0.0776661735368352,0.0,6.42
1993,8,73.4437269753323,74.0,99.5123110016713,2.4,108.6,0.07378003896947392,0.0,0.07073131274394233,0.0,11.22
1993,9,65.4026669102201,65.1,143.23867948543594,1.5,105.5,0.07712021734208739,0.0,0.07434484714897928,0.0,9.94
1993,10,55.63766672594701,55.1,165.3872405111495,0.7,107.5,0.059985231736056556,0.0,0.05463985963608946,0.0,8.23
1993,11,44.00075289634615,43.3,216.8363654441931,-13.1,105.0,0.04861808044603744,0.0,0.046411478439805684,0.0,5.73
1993,12,37.659417539072926,37.8,232.4671382335995,-30.0,78.2,0.04468973359324236,0.0,0.03387148175560675,0.0,5.04
1994,1,31.89438040777222,33.7,404.6084064431912,-34.9,87.9,0.05409186150929591,0.0,0.046813971871166954,0.0,11.89
1994,2,35.48485779407393,36.2,371.09486980750256,-33.6,81.8,0.05051136776349241,0.0,0.04017411832862012,0.0,5.04
1994,3,46.758883082952316,46.0,201.68951537013632,-14.1,85.2,0.06097108232880225,0.0,0.0670875857111428,0.0,11.1
1994,4,55.4034795393286,55.3,173.76539788416574,0.0,93.4,0.0671823533302467,0.0,0.05730334148572075,0.0,10.0
1994,5,62.30510466941047,62.4,124.34233270031423,2.5,98.2,0.05693554502369668,0.0,0.04628239370949632,0.0,4.15
1994,6,72.08525879281217,73.4,115.55231970555491,0.4,109.9,0.07238449006190942,0.0,0.07161411264678808,0.0,7.34
1994,7,74.40977040893088,75.4,81.19330998881235,1.6,108.1,0.07852496578938993,0.0,0.08279383018790466,0.0,8.39
1994,8,72.97753455875738,73.5,79.55105880087054,2.9,109.5,0.06844310996727354,0.0,0.07265909736872207,0.0,8.59
1994,9,67.30376865097678,67.1,88.29345460067245,2.7,102.2,0.05855988531213345,0.0,0.06357309787660287,0.0,7.01
1994,10,57.320394012439365,56.6,120.21478822639409,4.7,89.1,0.059844585666645696,0.0,0.08834037540516546,0.0,12.2
1994,11,47.735924693412215,47.5,196.7434950667111,-7.1,83.0,0.060415404295428535,0.0,0.056233229217673264,0.0,6.02
1994,12,40.252060963970415,40.0,205.67610396359277,-21.0,81.0,0.046111020832656245,0.0,0.040442831667733846,0.0,5.91
1995,1,36.6785640081921,36.3,262.020214868707,-25.2,78.6,0.05281401750641799,0.0,0.15424721251739157,0.0,18.28
1995,2,38.73332032012493,39.4,305.4230456234531,-32.1,82.8,0.03187583311117036,0.0,0.09054126401686902,0.0,15.0
1995,3,46.74439483241055,47.4,242.22193461575318,-15.9,83.4,0.04812479105248762,0.0,0.1441320010822424,0.0,12.09
1995,4,52.65205811881797,52.0,174.42454112081967,-12.4,93.2,0.04340954460386775,0.0,0.12644865412768183,0.0,14.02
1995,5,61.65375290697675,60.3,123.6674634582312,7.0,105.3,0.06636778294391148,0.0,0.2286972536255191,0.0,17.87
1995,6,70.03646869121204,71.2,102.25172750798703,4.7,109.5,0.05403002135787985,0.0,0.09629374881290689,0.0,12.91
1995,7,75.13795274663842,76.2,93.98960674254475,1.2,109.6,0.04647758544163338,0.0,0.07695904278188317,0.0,12.13
1995,8,75.31962690719536,76.5,91.40510707101221,5.0,109.3,0.048030888030888036,0.0,0.08643889836210088,0.0,12.11
1995,9,66.26321791169202,66.7,139.69559576633472,3.0,109.4,0.03789282497748424,0.0,0.044407739571442215,0.0,10.08
1995,10,57.74144144144144,57.6,148.39595338819356,-21.9,95.3,0.04664085019653516,0.0,0.07462144056857535,0.0,12.01
1995,11,44.38579758934744,43.9,221.88711973551153,-25.1,89.1,0.03916789531883524,0.0,0.043967819329878415,0.0,8.66
1995,12,36.28324446737759,34.4,275.2859196855538,-24.6,78.7,0.03203461425638017,0.0,0.03566996037299932,0.0,8.9
1996,1,32.89276562813494,33.8,370.5650663278097,-31.3,81.2,0.04342357203876631,0.0,0.03852562636121059,0.0,6.85
1996,2,37.61704642638974,39.3,406.5628833009393,-37.8,86.0,0.031008691318027474,0.0,0.029004515220408665,0.0,5.04
1996,3,41.42699132717106,42.0,265.2259705430758,-18.0,85.4,0.03655651466271398,0.0,0.033447625875058055,0.0,7.01
1996,4,52.860005899705016,52.9,180.58910752525966,3.4,90.0,0.04045592613755977,0.0,0.04142791844089452,0.0,10.0
1996,5,62.4389864884166,61.3,171.38769900133127,4.2,102.6,0.042253055063713685,0.0,0.04115521387129024,0.0,11.1
1996,6,70.90987783699623,71.4,106.75609459836451,2.4,108.8,0.045381626085372516,0.0,0.0591401540201019,0.0,10.0
1996,7,74.49405200757198,74.3,84.60919510842096,37.1,109.4,0.07099195517885361,0.0,0.0900512373737729,0.0,8.2
1996,8,73.55827053504144,73.6,63.709370475745395,39.8,109.6,0.05639751966928924,0.0,0.06106380783382082,0.0,7.75
1996,9,66.15077141108642,66.4,105.94059006070674,27.1,103.7,0.07501810584958217,0.0,0.09274721928287673,0.0,9.45
1996,10,56.773045554625234,57.0,144.04408519494,10.8,103.5,0.05435658398535042,0.0,0.08139777721866914,0.0,8.11
1996,11,43.3692781718394,42.1,245.65479371761637,-18.9,86.3,0.05414720901567177,0.0,0.05522365375312816,0.0,6.66
1996,12,38.59153373084008,39.0,300.67365147189713,-28.1,81.5,0.06334459233496087,0.0,0.05869574286213107,0.0,5.78
1997,1,34.065491928209276,34.6,379.77122050345895,-32.9,78.5,0.050257499841440983,0.0,0.04176343224879618,0.0,5.19
1997,2,39.68883265522147,38.8,245.18515216355976,-16.2,85.1,0.04765447413417374,0.0,0.046632720009737616,0.0,4.45
1997,3,47.10731620693738,47.2,249.43290707768105,-15.2,87.8,0.04776469530828689,0.0,0.04382804697596984,0.0,6.87
1997,4,51.52848621340313,51.7,165.736257628641,-5.2,89.4,0.053921574686360545,0.0,0.05956273949990914,0.0,7.52
1997,5,61.39669630763795,60.8,122.2806380650085,14.3,102.2,0.050660787701841146,0.0,0.04358355262114582,0.0,7.24
1997,6,70.39172827112044,70.6,79.36780653839138,31.9,103.6,0.06344374923322292,0.0,0.06770824573922914,0.0,8.63
1997,7,74.63937431621278,75.5,78.42480954404527,34.5,106.6,0.055062026599868794,0.0,0.06406551817566822,0.0,8.34
1997,8,72.92921534411879,72.7,74.07834194271152,16.3,106.0,0.0531243659366235,0.0,0.059350584777333945,0.0,13.52
1997,9,68.24766012112315,67.8,95.58607885477856,20.1,107.3,0.05010236171918357,0.0,0.06049898128939906,0.0,8.1
1997,10,56.68723068212295,56.0,172.4987000341915,4.8,90.0,0.04898481574840956,0.0,0.05366365442237375,0.0,6.24
1997,11,44.17853844733116,43.5,184.9132983532552,-1.8,89.6,0.05101808753241074,0.0,0.04321977258754524,0.0,5.91
1997,12,37.71219106463878,36.0,163.62044133877214,-20.5,89.3,0.052293853975512165,0.0,0.05016455456180387,0.0,7.89
1998,1,38.33637806119394,37.9,250.86097563000686,-27.9,80.8,0.059314126848344126,0.0,0.06578514259105261,0.0,8.33
1998,2,41.913446254071665,40.9,141.40022181133946,-6.8,80.9,0.08208166241341597,0.0,0.09379842074717694,0.0,6.79
1998,3,44.52217363419043,43.7,251.22897742730166,-13.3,89.1,0.06350836665185844,0.0,0.06855219757393749,0.0,11.48
1998,4,54.21559745055992,53.3,112.53819215532775,11.6,90.0,0.0566009674608659,0.0,0.04830854418150485,0.0,4.76
1998,5,65.37695143910595,64.5,107.61235733266095,28.4,95.4,0.053371885609068415,0.0,0.04112693889019785,0.0,6.59
1998,6,70.49354045000445,70.2,133.71356819826977,23.7,107.0,0.0712080836984709,0.0,0.07343434888421667,0.0,7.34
1998,7,75.99738037727168,75.9,73.8288451862654,39.3,109.8,0.06020684283406417,0.0,0.0654991321275393,0.0,5.73
1998,8,75.01177795518048,74.9,64.39041155665934,34.9,109.1,0.05224694614899352,0.0,0.06095782781234079,0.0,10.4
1998,9,70.29972329828445,71.2,90.7045178658784,24.1,104.0,0.062163079082826395,0.0,0.12152265855549726,0.0,11.0
1998,10,57.90581064722277,56.6,119.53612220389795,17.5,91.7,0.05931740421320515,0.0,0.09323124991906233,0.0,16.32
1998,11,48.186117867713854,47.3,147.5834333870789,-3.0,83.0,0.05682491006663915,0.0,0.06313690638740216,0.0,7.86
1998,12,39.55651926631594,39.5,294.342603741276,-28.1,85.6,0.044411781658885235,0.0,0.037570211962523,0.0,5.09
1999,1,36.45464296574794,36.7,329.0028600219486,-21.7,79.1,0.07285136592379583,0.0,0.07095686662306315,0.0,6.49
1999,2,41.773830342077005,40.8,199.12032451622346,-10.1,81.6,0.04726488464806222,0.0,0.032917717422471446,0.0,5.08
1999,3,44.755991858887384,44.3,166.44332877412063,-10.5,81.2,0.051963970630087085,0.0,0.039491019904568235,0.0,4.73
1999,4,54.46950313351138,52.8,148.81414316595732,9.6,89.4,0.0638821973321326,0.0,0.050057027295134796,0.0,6.91
1999,5,62.75247223994895,62.9,101.43836723499216,18.6,98.8,0.06890465487827994,0.0,0.060434315242900584,0.0,5.9
1999,6,70.22437719136371,71.5,93.81451936125595,14.7,107.6,0.08156024399798534,0.0,0.08723356187689692,0.0,10.35
1999,7,75.95686058713623,77.4,73.78171892806807,37.1,105.2,0.062475705817069536,0.0,0.057422613067672795,0.0,7.68
1999,8,73.84419053004987,73.3,79.49976612580124,33.5,105.6,0.05764635732870772,0.0,0.061334538817466436,0.0,10.48
1999,9,66.6989430159643,66.5,103.8995662194105,15.8,105.6,0.07964082523992874,0.0,0.1350188819377461,0.0,12.17
1999,10,56.98955423010517,56.2,133.44390736439692,12.0,90.0,0.04957028701891716,0.0,0.06412884418030929,0.0,7.87
1999,11,50.20454280258831,50.4,137.27159338631893,-2.7,86.9,0.04016277733701748,0.0,0.03454203139294272,0.0,3.68
1999,12,39.01771775652623,38.6,204.37786565891972,-16.9,79.6,0.04612890912561006,0.0,0.03640898087353171,0.0,4.41
2000,1,35.406401584321394,34.6,296.1432442552898,-26.5,83.3,0.051715249737264234,0.0,0.038179080681784196,0.0,4.09
2000,2,41.793347050754456,41.4,228.61814526214158,-11.3,82.7,0.05553793285752049,0.0,0.040777663242663305,0.0,5.99
2000,3,48.705341694394676,47.8,161.93720942917412,-6.0,86.0,0.06188383087937323,0.0,0.050886673703808505,0.0,7.45
2000,4,54.290890624175596,54.1,133.8507765342981,4.9,89.7,0.06243614054657,0.0,0.053106711809081615,0.0,5.75
2000,5,65.04455906821964,64.6,123.24997455534441,22.8,104.5,0.0695252530720511,0.0,0.06518495798995458,0.0,7.61
2000,6,70.49392472691687,71.2,93.72741151369405,29.3,108.1,0.09248646667418518,0.0,0.09392308959043615,0.0,9.6
2000,7,74.10928798116298,73.8,77.94224563977448,36.3,107.4,0.06701979639528324,0.0,0.06821904067932848,0.0,5.88
2000,8,74.37841033892677,74.2,81.15612127757191,34.1,108.8,0.05428242537812877,0.0,0.04918236441645532,0.0,7.16
2000,9,66.98221335517798,67.1,133.7393445856281,22.5,103.6,0.07388593134808406,0.0,0.10174639364263238,0.0,9.23
2000,10,57.3129056950398,57.4,127.03732827178261,6.9,90.0,0.050557808248412744,0.0,0.055041350839789636,0.0,12.48
2000,11,42.27408859686307,42.2,208.49765409871344,-18.5,82.4,0.060391356818573654,0.0,0.05945654635556839,0.0,6.74
2000,12,30.7148,30.4,302.5755085860277,-22.4,80.1,0.03650519226960188,0.0,0.032075259091602,0.0,13.9
